,state,year,gun_deaths,population,gun_deaths_norm
27,Alabama,2000,294.0,4452173,6.603516979236881
26,Alabama,2001,302.0,4467634,6.759730094273613
25,Alabama,2002,292.0,4480089,6.517727661213873
24,Alabama,2003,322.0,4503491,7.1500087376659565
23,Alabama,2004,262.0,4530729,5.782733860268403
22,Alabama,2005,319.0,4569805,6.9806042052122566
21,Alabama,2006,333.0,4628981,7.193807881259396
20,Alabama,2007,378.0,4672840,8.08929901301992
19,Alabama,2008,349.0,4718206,7.39687923757462
18,Alabama,2009,317.0,4757938,6.662550037432181
17,Alabama,2010,283.0,4779736,5.920829100184613
16,Alabama,2011,292.0,4798649,6.085046020244448
15,Alabama,2012,305.0,4813946,6.335758647895094
14,Alabama,2013,317.0,4827660,6.566328200411793
714,Alabama,2014,325.0,4840037,6.714824700720263
765,Alabama,2015,385.0,4850858,7.93674026326889
816,Alabama,2016,488.0,4860545,10.04002637564306
867,Alabama,2017,544.0,4874747,11.159553511187351
13,Alaska,2000,16.0,627963,2.54792081699081
12,Alaska,2001,25.0,633714,3.944997270061889
11,Alaska,2002,26.0,642337,4.047719499265962
10,Alaska,2003,32.0,648414,4.935118612491402
9,Alaska,2004,20.0,659286,3.0335848175147055
8,Alaska,2005,24.0,666946,3.5984922317548946
7,Alaska,2006,28.0,675302,4.146293065917175
6,Alaska,2007,25.0,680300,3.6748493311774215
5,Alaska,2008,15.0,687455,2.181961001083707
4,Alaska,2009,17.0,698895,2.4324111633364094
3,Alaska,2010,30.0,710231,4.223977832564335
2,Alaska,2011,19.0,722259,2.630635270726983
1,Alaska,2012,17.0,730825,2.3261382683953067
0,Alaska,2013,19.0,736760,2.5788587871219937
715,Alaska,2014,29.0,736759,3.9361582281315877
766,Alaska,2015,70.0,737979,9.485364759701834
817,Alaska,2016,88.0,741522,11.867483365294623
868,Alaska,2017,69.0,739795,9.32690812995492
41,Arizona,2000,274.0,5160586,5.3094745441699835
40,Arizona,2001,332.0,5273477,6.295656546904443
39,Arizona,2002,355.0,5396255,6.578636480299764
38,Arizona,2003,324.0,5510364,5.879829354285851
37,Arizona,2004,342.0,5652404,6.05052292794358
36,Arizona,2005,377.0,5839077,6.456499888595407
35,Arizona,2006,387.0,6029141,6.418824837568072
34,Arizona,2007,354.0,6167681,5.739596454485891
33,Arizona,2008,333.0,6280362,5.302242131902588
32,Arizona,2009,228.0,6343154,3.5944263689640827
31,Arizona,2010,271.0,6392017,4.23966331754124
30,Arizona,2011,259.0,6465488,4.005884783948249
29,Arizona,2012,254.0,6544211,3.881292947308698
28,Arizona,2013,251.0,6616124,3.7937620274347945
716,Arizona,2014,220.0,6706435,3.2804314065520654
767,Arizona,2015,215.0,6802262,3.1607133038980266
818,Arizona,2016,277.0,6908642,4.009471036420761
869,Arizona,2017,289.0,7016270,4.118997701057685
55,Arkansas,2000,140.0,2678588,5.226634331222271
54,Arkansas,2001,110.0,2691571,4.08683255986931
53,Arkansas,2002,146.0,2705927,5.395563147121115
52,Arkansas,2003,123.0,2724816,4.514066270896824
51,Arkansas,2004,141.0,2749686,5.1278582354494295
50,Arkansas,2005,154.0,2781097,5.537383269983032
49,Arkansas,2006,155.0,2821761,5.493023682728622
48,Arkansas,2007,153.0,2848650,5.3709651940392815
47,Arkansas,2008,145.0,2874554,5.044260779237405
46,Arkansas,2009,157.0,2896843,5.4196930934814205
45,Arkansas,2010,132.0,2915918,4.52687627018318
44,Arkansas,2011,145.0,2938640,4.934255301772248
43,Arkansas,2012,166.0,2949208,5.628629788065135
42,Arkansas,2013,152.0,2956780,5.140727412928929
717,Arkansas,2014,169.0,2964800,5.700215866162979
768,Arkansas,2015,155.0,2975626,5.20898795749197
819,Arkansas,2016,190.0,2988231,6.358276853429336
870,Arkansas,2017,216.0,3004279,7.189745027009808
69,California,2000,1483.0,33987977,4.363307648466398
68,California,2001,1589.0,34479458,4.608541120338956
67,California,2002,1810.0,34871843,5.1904340129083515
66,California,2003,1782.0,35253159,5.054866146889134
65,California,2004,1808.0,35574576,5.082281233654056
64,California,2005,1878.0,35827943,5.241718733336156
63,California,2006,1883.0,36021202,5.22747686209916
62,California,2007,1701.0,36250311,4.692373535774631
61,California,2008,1569.0,36604337,4.2863773219004075
60,California,2009,1460.0,36961229,3.9500851013368634
59,California,2010,1342.0,37253956,3.602301994451274
58,California,2011,1314.0,37672654,3.4879411469125587
57,California,2012,1362.0,38019006,3.582418751295076
56,California,2013,1312.0,38347383,3.4213547245192717
718,California,2014,1320.0,38701278,3.410740079436137
769,California,2015,1204.0,39032444,3.084613405196969
820,California,2016,1265.0,39296476,3.219118172326699
871,California,2017,1423.0,39536653,3.5991918688716518
83,Colorado,2000,84.0,4326921,1.9413342651737806
82,Colorado,2001,98.0,4425687,2.2143454790182857
81,Colorado,2002,116.0,4490406,2.583285342127193
80,Colorado,2003,117.0,4528732,2.583504610120449
79,Colorado,2004,131.0,4575013,2.8633798417621983
78,Colorado,2005,115.0,4631888,2.4827888757241108
77,Colorado,2006,104.0,4720423,2.203192383394454
76,Colorado,2007,91.0,4803868,1.8943068377399213
75,Colorado,2008,109.0,4889730,2.2291619373666847
74,Colorado,2009,108.0,4972195,2.172078930934929
73,Colorado,2010,97.0,5029196,1.9287377147361129
72,Colorado,2011,101.0,5116411,1.9740400057774876
71,Colorado,2012,115.0,5186330,2.2173675797722088
70,Colorado,2013,106.0,5262556,2.0142303473825267
719,Colorado,2014,149.0,5342311,2.7890551486051636
770,Colorado,2015,176.0,5440445,3.235029487477587
821,Colorado,2016,207.0,5530105,3.7431477340846153
872,Colorado,2017,199.0,5607154,3.5490375331228643
97,Connecticut,2000,61.0,3411777,1.787924591788971
96,Connecticut,2001,72.0,3432835,2.0973918058980408
95,Connecticut,2002,57.0,3458749,1.6479946940353287
94,Connecticut,2003,56.0,3484336,1.6071928769211694
93,Connecticut,2004,64.0,3496094,1.8306143942353954
92,Connecticut,2005,66.0,3506956,1.8819739968223155
91,Connecticut,2006,92.0,3517460,2.6155237017620667
90,Connecticut,2007,67.0,3527270,1.8994860047572204
89,Connecticut,2008,87.0,3545579,2.453760020577739
88,Connecticut,2009,78.0,3561807,2.189899677326705
87,Connecticut,2010,98.0,3574097,2.7419513236490225
86,Connecticut,2011,96.0,3591927,2.672660106956517
85,Connecticut,2012,114.0,3597705,3.1686867044407476
84,Connecticut,2013,66.0,3602470,1.832076325410066
720,Connecticut,2014,75.0,3600188,2.083224542718325
771,Connecticut,2015,90.0,3593862,2.504269779974857
822,Connecticut,2016,68.0,3587685,1.8953726428044826
873,Connecticut,2017,89.0,3588184,2.4803633258495106
111,Delaware,2000,9.0,786373,1.1444950424289744
110,Delaware,2001,19.0,795699,2.3878376119613067
109,Delaware,2002,28.0,806169,3.4732171542195247
108,Delaware,2003,18.0,818003,2.2004809273315624
107,Delaware,2004,27.0,830803,3.2498678988881844
106,Delaware,2005,33.0,845150,3.9046323137904513
105,Delaware,2006,34.0,859268,3.956856300944525
104,Delaware,2007,30.0,871749,3.441357546725032
103,Delaware,2008,54.0,883874,6.109468091605817
102,Delaware,2009,36.0,891730,4.037096430533905
101,Delaware,2010,45.0,897934,5.011504186276497
100,Delaware,2011,31.0,907884,3.4145331341889493
99,Delaware,2012,46.0,916868,5.017079884999804
98,Delaware,2013,38.0,925114,4.107601873931213
721,Delaware,2014,50.0,934805,5.348709089061355
772,Delaware,2015,58.0,944107,6.143371461073798
823,Delaware,2016,42.0,952698,4.4085323995641845
874,Delaware,2017,56.0,961939,5.821574964732691
125,District of Columbia,2000,138.0,572046,24.1239340892166
124,District of Columbia,2001,141.0,574504,24.542910058067477
123,District of Columbia,2002,176.0,573158,30.707065067572994
122,District of Columbia,2003,156.0,568502,27.440536708753882
121,District of Columbia,2004,137.0,567754,24.13016905208946
120,District of Columbia,2005,142.0,567136,25.038086102804268
119,District of Columbia,2006,120.0,570681,21.027509238961873
118,District of Columbia,2007,129.0,574404,22.45806087701339
117,District of Columbia,2008,122.0,580236,21.025927381272446
116,District of Columbia,2009,104.0,592228,17.560804284836244
115,District of Columbia,2010,84.0,601723,13.959911786652661
114,District of Columbia,2011,77.0,620336,12.412627995151015
113,District of Columbia,2012,55.0,635630,8.65283262275223
112,District of Columbia,2013,61.0,650114,9.38296975607355
722,District of Columbia,2014,92.0,660797,13.922581367651487
773,District of Columbia,2015,124.0,672736,18.43219331208676
824,District of Columbia,2016,106.0,684336,15.489467162329616
875,District of Columbia,2017,100.0,693972,14.409803277365656
139,Florida,2000,467.0,16047515,2.9101078889784495
138,Florida,2001,573.0,16356966,3.5030946448137144
137,Florida,2002,635.0,16689370,3.8048170781761086
136,Florida,2003,660.0,17004085,3.8814202587201843
135,Florida,2004,647.0,17415318,3.7151202177301617
134,Florida,2005,631.0,17842038,3.536591503728442
133,Florida,2006,803.0,18166990,4.420104816483082
132,Florida,2007,935.0,18367842,5.090418351812914
131,Florida,2008,886.0,18527305,4.782131022293852
130,Florida,2009,804.0,18652644,4.3103808768344045
129,Florida,2010,767.0,18801310,4.07950297080363
128,Florida,2011,817.0,19097369,4.27807621039317
127,Florida,2012,862.0,19341327,4.456777965648376
126,Florida,2013,816.0,19584927,4.166469448673462
723,Florida,2014,873.0,19897747,4.387431401153105
774,Florida,2015,796.0,20268567,3.927263333416714
825,Florida,2016,1001.0,20656589,4.845911394180327
876,Florida,2017,950.0,20984400,4.527172566287337
153,Georgia,2000,442.0,8227303,5.372355922712461
152,Georgia,2001,454.0,8377038,5.419576704797089
151,Georgia,2002,477.0,8508256,5.606319320904308
150,Georgia,2003,493.0,8622793,5.717405021783545
149,Georgia,2004,419.0,8769252,4.778058607507231
148,Georgia,2005,439.0,8925922,4.918259424628626
147,Georgia,2006,495.0,9155813,5.406401375825391
146,Georgia,2007,557.0,9349988,5.957226896975697
145,Georgia,2008,515.0,9504843,5.418290444145159
144,Georgia,2009,456.0,9620846,4.73970792173578
143,Georgia,2010,443.0,9687653,4.572831004578715
142,Georgia,2011,439.0,9810595,4.4747540796455265
141,Georgia,2012,481.0,9911171,4.853109688047961
140,Georgia,2013,472.0,9981773,4.728618853584429
724,Georgia,2014,522.0,10083850,5.1765942571537655
775,Georgia,2015,595.0,10199533,5.833600420725145
826,Georgia,2016,548.0,10313620,5.313362330588096
877,Georgia,2017,658.0,10429379,6.309100474726252
167,Hawaii,2000,9.0,1213519,0.741644753811024
166,Hawaii,2001,9.0,1225948,0.7341257541102886
165,Hawaii,2002,15.0,1239613,1.2100550736399183
164,Hawaii,2003,10.0,1251154,0.7992621212096992
163,Hawaii,2004,8.0,1273569,0.6281559931185511
162,Hawaii,2005,5.0,1292729,0.3867786674546637
161,Hawaii,2006,9.0,1309731,0.6871640054331767
160,Hawaii,2007,7.0,1315675,0.5320462880270583
159,Hawaii,2008,11.0,1332213,0.8256937892063807
158,Hawaii,2009,10.0,1346717,0.7425465038311687
157,Hawaii,2010,7.0,1360301,0.5145919910372778
156,Hawaii,2011,1.0,1378323,0.07255193448850523
155,Hawaii,2012,0.0,1392772,0.0
154,Hawaii,2013,0.0,1408038,0.0
725,Hawaii,2014,8.0,1417710,0.5642902991443948
776,Hawaii,2015,12.0,1426320,0.8413259296651523
827,Hawaii,2016,34.0,1428683,2.379814136515938
878,Hawaii,2017,8.0,1427538,0.5604053972643811
181,Idaho,2000,14.0,1299430,1.0773954733998754
180,Idaho,2001,25.0,1319962,1.8939939180067304
179,Idaho,2002,15.0,1340372,1.1190923116866063
178,Idaho,2003,19.0,1363380,1.3935953292552334
177,Idaho,2004,16.0,1391802,1.1495888064537916
176,Idaho,2005,28.0,1428241,1.9604534528836521
175,Idaho,2006,24.0,1468669,1.6341326738700144
174,Idaho,2007,29.0,1505105,1.92677587277964
173,Idaho,2008,13.0,1534320,0.8472808801293081
172,Idaho,2009,10.0,1554439,0.64331890797902
171,Idaho,2010,12.0,1567582,0.7655101934061503
170,Idaho,2011,16.0,1583180,1.0106241867633496
169,Idaho,2012,18.0,1594673,1.1287580588622244
168,Idaho,2013,14.0,1610187,0.8694642299310578
726,Idaho,2014,31.0,1630391,1.9013843918422024
777,Idaho,2015,40.0,1649324,2.425236036097213
828,Idaho,2016,34.0,1680026,2.023778203432566
879,Idaho,2017,47.0,1716943,2.737423432228094
195,Illinois,2000,674.0,12434161,5.420550690955345
194,Illinois,2001,747.0,12488445,5.981529325708685
193,Illinois,2002,728.0,12525556,5.812117242539972
192,Illinois,2003,696.0,12556006,5.543163964719354
191,Illinois,2004,573.0,12589773,4.551313196830475
190,Illinois,2005,569.0,12609903,4.51232654208363
189,Illinois,2006,625.0,12643955,4.9430735873387714
188,Illinois,2007,575.0,12695866,4.529033308952694
187,Illinois,2008,631.0,12747038,4.950169600184765
186,Illinois,2009,628.0,12796778,4.907485306066887
185,Illinois,2010,577.0,12830632,4.497050496031685
184,Illinois,2011,610.0,12862298,4.742542895523024
183,Illinois,2012,645.0,12878494,5.008349578762858
182,Illinois,2013,576.0,12890403,4.468440591035051
727,Illinois,2014,637.0,12882438,4.944716209773336
778,Illinois,2015,688.0,12862051,5.349069133686377
829,Illinois,2016,946.0,12835726,7.370054486984219
880,Illinois,2017,959.0,12802023,7.491003570295101
209,Indiana,2000,218.0,6091866,3.5785422725975917
208,Indiana,2001,290.0,6127760,4.732561327467133
207,Indiana,2002,242.0,6155967,3.9311451799530444
206,Indiana,2003,247.0,6196638,3.9860324259703406
205,Indiana,2004,224.0,6233007,3.5937710321839846
204,Indiana,2005,257.0,6278616,4.093258769130012
203,Indiana,2006,264.0,6332669,4.168858343930498
202,Indiana,2007,251.0,6379599,3.9344165675616916
201,Indiana,2008,235.0,6424806,3.657697991192263
200,Indiana,2009,245.0,6459325,3.792965983287728
199,Indiana,2010,223.0,6483802,3.439340066214237
198,Indiana,2011,202.0,6515358,3.1003668562801923
197,Indiana,2012,251.0,6535665,3.840466119361993
196,Indiana,2013,298.0,6567484,4.537506296170649
728,Indiana,2014,330.0,6593182,5.005170492790886
779,Indiana,2015,346.0,6610596,5.23402125920265
830,Indiana,2016,420.0,6634007,6.3310153275388465
881,Indiana,2017,407.0,6666818,6.104861419645774
223,Iowa,2000,25.0,2929067,0.8535141053448079
222,Iowa,2001,24.0,2931997,0.8185547256699103
221,Iowa,2002,30.0,2934234,1.0224133453569142
220,Iowa,2003,24.0,2941999,0.8157718612412853
219,Iowa,2004,30.0,2953635,1.0156976065085903
218,Iowa,2005,23.0,2964454,0.7758595680688586
217,Iowa,2006,38.0,2982644,1.2740373976914443
216,Iowa,2007,18.0,2999212,0.6001576414071429
215,Iowa,2008,34.0,3016734,1.1270466670246697
214,Iowa,2009,19.0,3032870,0.626469317840857
213,Iowa,2010,34.0,3046355,1.116087914901579
212,Iowa,2011,31.0,3063690,1.0118517212903395
211,Iowa,2012,33.0,3074386,1.0733850596509351
210,Iowa,2013,24.0,3089876,0.7767301988817674
729,Iowa,2014,62.0,3105563,1.9964173967811956
780,Iowa,2015,60.0,3118473,1.9240185821714666
831,Iowa,2016,70.0,3130869,2.2358009868825555
882,Iowa,2017,71.0,3145711,2.2570414128952088
237,Kansas,2000,101.0,2693681,3.749515996883076
236,Kansas,2001,91.0,2702162,3.367673736807786
235,Kansas,2002,74.0,2713535,2.727070039634646
234,Kansas,2003,78.0,2723004,2.864483489557856
233,Kansas,2004,85.0,2734373,3.1085737022710505
232,Kansas,2005,61.0,2745299,2.221980192321492
231,Kansas,2006,73.0,2762931,2.6421217178423926
230,Kansas,2007,71.0,2783785,2.5504843226039364
229,Kansas,2008,77.0,2808076,2.742091026026361
228,Kansas,2009,92.0,2832704,3.2477802128284496
227,Kansas,2010,68.0,2853118,2.3833574356195575
226,Kansas,2011,81.0,2868756,2.823523506356065
225,Kansas,2012,67.0,2885316,2.3221026743691158
224,Kansas,2013,79.0,2892900,2.730823740882851
730,Kansas,2014,94.0,2899553,3.2418790068676104
781,Kansas,2015,127.0,2905789,4.370585751408654
832,Kansas,2016,125.0,2907731,4.298884594207649
883,Kansas,2017,152.0,2913123,5.217768010482221
251,Kentucky,2000,133.0,4049021,3.2847446333323536
250,Kentucky,2001,138.0,4068132,3.3922203114353224
249,Kentucky,2002,127.0,4089875,3.1052293774259607
248,Kentucky,2003,115.0,4117170,2.7931807527986456
247,Kentucky,2004,152.0,4146101,3.666094964883875
246,Kentucky,2005,152.0,4182742,3.6339798151547478
245,Kentucky,2006,111.0,4219239,2.630806171444661
244,Kentucky,2007,152.0,4256672,3.5708647506784645
243,Kentucky,2008,160.0,4289878,3.729709795942915
242,Kentucky,2009,133.0,4317074,3.080790368661737
241,Kentucky,2010,125.0,4339367,2.880604475261023
240,Kentucky,2011,133.0,4368505,3.044519807119369
239,Kentucky,2012,159.0,4383673,3.6270953604431715
238,Kentucky,2013,138.0,4399121,3.136990321475586
731,Kentucky,2014,194.0,4410415,4.398679035873042
782,Kentucky,2015,230.0,4422057,5.2011993513425985
833,Kentucky,2016,288.0,4436113,6.492170059689642
884,Kentucky,2017,273.0,4454189,6.129061878604613
265,Louisiana,2000,427.0,4471885,9.548546082915816
264,Louisiana,2001,400.0,4477875,8.932808530832146
263,Louisiana,2002,467.0,4497267,10.3840843783569
262,Louisiana,2003,473.0,4521042,10.462189911086869
261,Louisiana,2004,480.0,4552238,10.544264161935294
260,Louisiana,2005,457.0,4576628,9.98551772178119
259,Louisiana,2006,443.0,4302665,10.29594449021711
258,Louisiana,2007,488.0,4375581,11.152804621831935
257,Louisiana,2008,430.0,4435586,9.694322238369406
256,Louisiana,2009,449.0,4491648,9.996330968054487
255,Louisiana,2010,432.0,4533372,9.529330485122331
254,Louisiana,2011,431.0,4574388,9.422025416296126
253,Louisiana,2012,428.0,4602681,9.298928168169812
252,Louisiana,2013,446.0,4626795,9.639502074330071
732,Louisiana,2014,465.0,4648797,10.002587766254367
783,Louisiana,2015,501.0,4671211,10.725270170840066
834,Louisiana,2016,527.0,4686157,11.245888688748584
885,Louisiana,2017,549.0,4684333,11.719918289327424
279,Maine,2000,11.0,1277072,0.8613453274365109
278,Maine,2001,7.0,1285692,0.5444538816450596
277,Maine,2002,8.0,1295960,0.6173030031791105
276,Maine,2003,6.0,1306513,0.4592376807578646
275,Maine,2004,11.0,1313688,0.8373373281936046
274,Maine,2005,8.0,1318787,0.6066180512850067
273,Maine,2006,15.0,1323619,1.1332566244515982
272,Maine,2007,15.0,1327040,1.13033518205932
271,Maine,2008,12.0,1330509,0.9019104718570112
270,Maine,2009,15.0,1329590,1.1281673297783528
269,Maine,2010,13.0,1328361,0.978649629129431
268,Maine,2011,15.0,1327968,1.1295452902479577
267,Maine,2012,15.0,1328101,1.129432174209642
266,Maine,2013,13.0,1327975,0.9789340913797323
733,Maine,2014,22.0,1328903,1.6555008153341517
784,Maine,2015,31.0,1327787,2.334711817482774
835,Maine,2016,18.0,1330232,1.353147420901016
886,Maine,2017,33.0,1335907,2.47023183500049
293,Maryland,2000,353.0,5311034,6.646540014618623
292,Maryland,2001,363.0,5374691,6.753876641466458
291,Maryland,2002,365.0,5440389,6.709079075044082
290,Maryland,2003,394.0,5496269,7.168499212829648
289,Maryland,2004,386.0,5546935,6.958797966805092
288,Maryland,2005,422.0,5592379,7.545983560842353
287,Maryland,2006,416.0,5627367,7.392444814777497
286,Maryland,2007,424.0,5653408,7.499900944704504
285,Maryland,2008,379.0,5684965,6.66670771060156
284,Maryland,2009,316.0,5730388,5.514460800909118
283,Maryland,2010,306.0,5773552,5.300030206708106
282,Maryland,2011,276.0,5843115,4.723507923427829
281,Maryland,2012,294.0,5891680,4.990087716916058
280,Maryland,2013,299.0,5932654,5.039902883262702
734,Maryland,2014,294.0,5970245,4.924421024597818
785,Maryland,2015,404.0,6000561,6.732703825525647
836,Maryland,2016,429.0,6024752,7.1206250481347615
887,Maryland,2017,480.0,6052177,7.9310304374772915
307,Massachusetts,2000,67.0,6361104,1.053276286632006
306,Massachusetts,2001,80.0,6397634,1.250462280274239
305,Massachusetts,2002,94.0,6417206,1.4648119446375885
304,Massachusetts,2003,78.0,6422565,1.2144680513159463
303,Massachusetts,2004,106.0,6412281,1.653077898488853
302,Massachusetts,2005,108.0,6403290,1.6866329652413057
301,Massachusetts,2006,105.0,6410084,1.6380440568329526
300,Massachusetts,2007,115.0,6431559,1.788057918772105
299,Massachusetts,2008,98.0,6468967,1.5149250258967157
298,Massachusetts,2009,110.0,6517613,1.6877344512477193
297,Massachusetts,2010,126.0,6547629,1.9243607113353554
296,Massachusetts,2011,128.0,6612178,1.935822054397205
295,Massachusetts,2012,73.0,6659627,1.0961574874989246
294,Massachusetts,2013,84.0,6711138,1.251650614247539
735,Massachusetts,2014,101.0,6757925,1.4945415937584392
786,Massachusetts,2015,109.0,6794002,1.6043563131126544
837,Massachusetts,2016,112.0,6823721,1.6413332256696898
888,Massachusetts,2017,128.0,6859819,1.865938445314665
321,Michigan,2000,504.0,9952450,5.0640796989685954
320,Michigan,2001,499.0,9991120,4.994435058331798
319,Michigan,2002,489.0,10015710,4.88232985979027
318,Michigan,2003,477.0,10041152,4.750450944274123
317,Michigan,2004,488.0,10055315,4.8531547743655965
316,Michigan,2005,491.0,10051137,4.885019475906059
315,Michigan,2006,536.0,10036081,5.340730111684033
314,Michigan,2007,506.0,10001284,5.059350379411283
313,Michigan,2008,489.0,9946889,4.91610995156375
312,Michigan,2009,495.0,9901591,4.999196593759528
311,Michigan,2010,440.0,9883640,4.4518011582777195
310,Michigan,2011,511.0,9876199,5.174055322295551
309,Michigan,2012,579.0,9886610,5.856405785198365
308,Michigan,2013,493.0,9899219,4.9801908615215
736,Michigan,2014,348.0,9914675,3.50994863674301
787,Michigan,2015,355.0,9918170,3.579289324542733
838,Michigan,2016,385.0,9933445,3.8757953559918032
889,Michigan,2017,369.0,9962311,3.7039598542948515
335,Minnesota,2000,77.0,4933692,1.5606973438958085
334,Minnesota,2001,68.0,4982796,1.3646956447745402
333,Minnesota,2002,55.0,5018935,1.095850015989448
332,Minnesota,2003,75.0,5053572,1.48409877211604
331,Minnesota,2004,85.0,5087713,1.6706917233735472
330,Minnesota,2005,88.0,5119598,1.7188849593268847
329,Minnesota,2006,78.0,5163555,1.510587182667755
328,Minnesota,2007,70.0,5207203,1.3442917435713568
327,Minnesota,2008,71.0,5247018,1.3531495413204224
326,Minnesota,2009,46.0,5281203,0.8710136686660217
325,Minnesota,2010,65.0,5303925,1.2255075250875531
324,Minnesota,2011,59.0,5345967,1.1036356939726713
323,Minnesota,2012,61.0,5377695,1.1343149806748059
322,Minnesota,2013,76.0,5416074,1.4032304580771977
737,Minnesota,2014,86.0,5452649,1.5772150380484788
788,Minnesota,2015,123.0,5483238,2.243200094542677
839,Minnesota,2016,108.0,5525050,1.9547334413263229
890,Minnesota,2017,115.0,5576606,2.062186211469844
349,Mississippi,2000,214.0,2848353,7.513113718699894
348,Mississippi,2001,224.0,2852994,7.8514010194203
347,Mississippi,2002,208.0,2858681,7.276082920759609
346,Mississippi,2003,201.0,2868312,7.007605867144161
345,Mississippi,2004,202.0,2889010,6.992014565543214
344,Mississippi,2005,175.0,2905943,6.022141521702249
343,Mississippi,2006,222.0,2904978,7.642054432081758
342,Mississippi,2007,219.0,2928350,7.478614236686188
341,Mississippi,2008,245.0,2947806,8.311266073818969
340,Mississippi,2009,197.0,2958774,6.658163144599756
339,Mississippi,2010,205.0,2967297,6.908644466664443
338,Mississippi,2011,221.0,2977452,7.422453829650318
337,Mississippi,2012,216.0,2982963,7.241122333733271
336,Mississippi,2013,215.0,2987721,7.196120387412346
738,Mississippi,2014,231.0,2988578,7.729428510816851
789,Mississippi,2015,223.0,2985297,7.46994352655699
840,Mississippi,2016,290.0,2985415,9.713892373422121
891,Mississippi,2017,324.0,2984100,10.857544988438725
363,Missouri,2000,273.0,5607285,4.868666386673764
362,Missouri,2001,275.0,5641142,4.874899444119649
361,Missouri,2002,253.0,5674825,4.458287259959558
360,Missouri,2003,219.0,5709403,3.8357775760442903
359,Missouri,2004,257.0,5747741,4.47132186366783
358,Missouri,2005,293.0,5790300,5.060186864238468
357,Missouri,2006,295.0,5842704,5.049032091990284
356,Missouri,2007,265.0,5887612,4.500975947463929
355,Missouri,2008,360.0,5923916,6.077061187228178
354,Missouri,2009,319.0,5961088,5.3513720985162445
353,Missouri,2010,335.0,5988927,5.59365642626801
352,Missouri,2011,303.0,6010280,5.0413624656422
351,Missouri,2012,311.0,6023267,5.163310874314553
350,Missouri,2013,293.0,6041142,4.850076359734633
739,Missouri,2014,383.0,6058014,6.3222039434045545
790,Missouri,2015,492.0,6072640,8.1019128418612
841,Missouri,2016,515.0,6091176,8.454853381350333
892,Missouri,2017,609.0,6113532,9.961508339205553
377,Montana,2000,17.0,903773,1.881003305033454
376,Montana,2001,20.0,906961,2.205166484556668
375,Montana,2002,9.0,911667,0.9872025640941264
374,Montana,2003,20.0,919630,2.17478768635212
373,Montana,2004,12.0,930009,1.290310093773286
372,Montana,2005,17.0,940102,1.8083144169462464
371,Montana,2006,11.0,952692,1.1546229001608075
370,Montana,2007,15.0,964706,1.5548778591612367
369,Montana,2008,16.0,976415,1.638647501318599
368,Montana,2009,21.0,983982,2.134185381439904
367,Montana,2010,17.0,989415,1.71818700949551
366,Montana,2011,14.0,996866,1.404401393968698
365,Montana,2012,10.0,1003522,0.9964903609487386
364,Montana,2013,14.0,1011921,1.3835072105431157
740,Montana,2014,32.0,1019931,3.137467142385122
791,Montana,2015,34.0,1028317,3.306373423759405
842,Montana,2016,42.0,1038656,4.043687226569721
893,Montana,2017,41.0,1050493,3.9029293864880588
391,Nebraska,2000,41.0,1713820,2.3923165793373866
390,Nebraska,2001,21.0,1719836,1.2210466579371522
389,Nebraska,2002,27.0,1728292,1.56223601104443
388,Nebraska,2003,31.0,1738643,1.7829997302493956
387,Nebraska,2004,24.0,1749370,1.371922463515437
386,Nebraska,2005,28.0,1761497,1.589557064247058
385,Nebraska,2006,31.0,1772693,1.748751757918602
384,Nebraska,2007,43.0,1783440,2.411070739694074
383,Nebraska,2008,49.0,1796378,2.7277109828777686
382,Nebraska,2009,31.0,1812683,1.7101721591695844
381,Nebraska,2010,41.0,1826341,2.244925783301147
380,Nebraska,2011,41.0,1841641,2.2262753707155736
379,Nebraska,2012,46.0,1854862,2.4799688602170944
378,Nebraska,2013,55.0,1867414,2.9452494197858643
741,Nebraska,2014,51.0,1880920,2.7114390830019355
792,Nebraska,2015,59.0,1893564,3.1158175799708907
843,Nebraska,2016,57.0,1907603,2.9880431095988
894,Nebraska,2017,47.0,1920076,2.4478197738006204
405,Nevada,2000,89.0,2018741,4.408688385483824
404,Nevada,2001,109.0,2098399,5.19443632979238
403,Nevada,2002,114.0,2173791,5.24429441468844
402,Nevada,2003,114.0,2248850,5.06925762056162
401,Nevada,2004,123.0,2346222,5.2424706613440675
400,Nevada,2005,115.0,2432143,4.728340397747994
399,Nevada,2006,131.0,2522658,5.192935387991555
398,Nevada,2007,131.0,2601072,5.036384998185364
397,Nevada,2008,100.0,2653630,3.7684228773416035
396,Nevada,2009,97.0,2684665,3.613113740448063
395,Nevada,2010,90.0,2700551,3.3326532252121877
394,Nevada,2011,84.0,2718170,3.090314439494218
393,Nevada,2012,77.0,2752410,2.7975483303722917
392,Nevada,2013,88.0,2786547,3.1580303508248737
742,Nevada,2014,150.0,2831730,5.297115191066944
793,Nevada,2015,183.0,2883057,6.347429135115956
844,Nevada,2016,205.0,2939254,6.974558850647137
895,Nevada,2017,200.0,2998039,6.6710272948417275
419,New Hampshire,2000,8.0,1239882,0.6452226905463585
418,New Hampshire,2001,9.0,1255517,0.7168361718718266
417,New Hampshire,2002,5.0,1269089,0.39398340069136206
416,New Hampshire,2003,8.0,1279840,0.6250781347668458
415,New Hampshire,2004,11.0,1290121,0.8526332026220796
414,New Hampshire,2005,8.0,1298492,0.616099290561667
413,New Hampshire,2006,12.0,1308389,0.9171584291827584
412,New Hampshire,2007,6.0,1312540,0.4571289255946485
411,New Hampshire,2008,0.0,1315906,0.0
410,New Hampshire,2009,0.0,1316102,0.0
409,New Hampshire,2010,0.0,1316470,0.0
408,New Hampshire,2011,10.0,1318345,0.75852678926988
407,New Hampshire,2012,13.0,1320923,0.9841603182017423
406,New Hampshire,2013,0.0,1322622,0.0
743,New Hampshire,2014,22.0,1328684,1.6557736828320353
794,New Hampshire,2015,22.0,1330134,1.6539686978905885
845,New Hampshire,2016,20.0,1335015,1.4981105081216315
896,New Hampshire,2017,23.0,1342795,1.7128452220927246
433,New Jersey,2000,172.0,8430621,2.0401818561171234
432,New Jersey,2001,185.0,8492671,2.1783488374858746
431,New Jersey,2002,208.0,8552643,2.4319967523489523
430,New Jersey,2003,257.0,8601402,2.9878849982828384
429,New Jersey,2004,253.0,8634561,2.9300852701139064
428,New Jersey,2005,288.0,8651974,3.328720127915317
427,New Jersey,2006,301.0,8661679,3.475076829792469
426,New Jersey,2007,276.0,8677885,3.1804984739945277
425,New Jersey,2008,244.0,8711090,2.8010271963669298
424,New Jersey,2009,229.0,8755602,2.615468359571392
423,New Jersey,2010,260.0,8791894,2.957269503021761
422,New Jersey,2011,288.0,8844694,3.25618953012959
421,New Jersey,2012,276.0,8882095,3.107375005558936
420,New Jersey,2013,298.0,8913735,3.343155254222837
744,New Jersey,2014,278.0,8943010,3.1085730643262166
795,New Jersey,2015,249.0,8960001,2.7790175469846488
846,New Jersey,2016,297.0,8978416,3.3079331588110863
897,New Jersey,2017,275.0,9005644,3.0536405836162297
447,New Mexico,2000,99.0,1821204,5.435964340073928
446,New Mexico,2001,67.0,1831690,3.657824195142191
445,New Mexico,2002,81.0,1855309,4.365849570071616
444,New Mexico,2003,87.0,1877574,4.633638940462533
443,New Mexico,2004,81.0,1903808,4.254630719064107
442,New Mexico,2005,77.0,1932274,3.9849420941336477
441,New Mexico,2006,73.0,1962137,3.720433384620952
440,New Mexico,2007,78.0,1990070,3.9194601194932845
439,New Mexico,2008,86.0,2010662,4.2771982560967485
438,New Mexico,2009,92.0,2036802,4.516884802744695
437,New Mexico,2010,76.0,2059179,3.6907913299426616
436,New Mexico,2011,73.0,2077744,3.513426100616823
435,New Mexico,2012,80.0,2083590,3.8395269702772623
434,New Mexico,2013,82.0,2085161,3.9325500524899515
745,New Mexico,2014,90.0,2083207,4.320261980686509
796,New Mexico,2015,116.0,2082264,5.570859410718334
847,New Mexico,2016,122.0,2085432,5.850106836377307
898,New Mexico,2017,125.0,2088070,5.986389345184787
461,New York,2000,602.0,19001780,3.1681242494124238
460,New York,2001,583.0,19082838,3.055101133280071
459,New York,2002,550.0,19137800,2.8738935509828716
458,New York,2003,589.0,19175939,3.071557538851162
457,New York,2004,516.0,19171567,2.6914857820437943
456,New York,2005,515.0,19132610,2.691739391541457
455,New York,2006,570.0,19104631,2.983569795197824
454,New York,2007,522.0,19132335,2.728365356345684
453,New York,2008,508.0,19212436,2.6441207143123338
452,New York,2009,505.0,19307066,2.6156226948206425
451,New York,2010,527.0,19378102,2.7195645889365223
450,New York,2011,466.0,19526372,2.3865160409726904
449,New York,2012,436.0,19625409,2.2216097509101593
448,New York,2013,380.0,19712514,1.9277094742963785
746,New York,2014,397.0,19773580,2.007729505734419
797,New York,2015,463.0,19819347,2.336101184362936
848,New York,2016,416.0,19836286,2.097166778095456
899,New York,2017,347.0,19849399,1.748163760524941
475,North Carolina,2000,458.0,8081614,5.667184797492184
474,North Carolina,2001,418.0,8210122,5.091276353749676
473,North Carolina,2002,467.0,8326201,5.6088004601378225
472,North Carolina,2003,396.0,8422501,4.701691338475353
471,North Carolina,2004,411.0,8553152,4.805246066011688
470,North Carolina,2005,451.0,8705407,5.180688277986314
469,North Carolina,2006,439.0,8917270,4.923031376194732
468,North Carolina,2007,458.0,9118037,5.023010983614126
467,North Carolina,2008,467.0,9309449,5.016408597329445
466,North Carolina,2009,407.0,9449566,4.307076113336845
465,North Carolina,2010,376.0,9535483,3.9431668013041397
464,North Carolina,2011,380.0,9662940,3.932550548797778
463,North Carolina,2012,422.0,9755299,4.3258540819712445
462,North Carolina,2013,412.0,9849812,4.1828209513034365
747,North Carolina,2014,487.0,9941160,4.898824684443264
798,North Carolina,2015,493.0,10041769,4.909493536447612
849,North Carolina,2016,576.0,10156689,5.6711394825616885
900,North Carolina,2017,556.0,10273419,5.412024954886002
489,North Dakota,2000,5.0,642023,0.7787882988615673
488,North Dakota,2001,5.0,639062,0.7823967001636773
487,North Dakota,2002,3.0,638168,0.4700956487946748
486,North Dakota,2003,12.0,638817,1.878472238528405
485,North Dakota,2004,6.0,644705,0.9306582080176204
484,North Dakota,2005,3.0,646089,0.4643323133500183
483,North Dakota,2006,1.0,649422,0.15398308033913233
482,North Dakota,2007,5.0,652822,0.7659055607807336
481,North Dakota,2008,0.0,657569,0.0
480,North Dakota,2009,0.0,664968,0.0
479,North Dakota,2010,0.0,672591,0.0
478,North Dakota,2011,0.0,684830,0.0
477,North Dakota,2012,0.0,701380,0.0
476,North Dakota,2013,0.0,722908,0.0
748,North Dakota,2014,15.0,738658,2.0307097465945
799,North Dakota,2015,18.0,754859,2.3845512870615573
850,North Dakota,2016,18.0,755548,2.3823767649441203
901,North Dakota,2017,15.0,755393,1.9857213397529498
503,Ohio,2000,253.0,11363543,2.226418292252689
502,Ohio,2001,316.0,11387404,2.7749959516672984
501,Ohio,2002,353.0,11407889,3.0943498836638397
500,Ohio,2003,321.0,11434788,2.807223011043143
499,Ohio,2004,340.0,11452251,2.9688486569146972
498,Ohio,2005,408.0,11463320,3.5591783183231387
497,Ohio,2006,451.0,11481213,3.9281563716307675
496,Ohio,2007,413.0,11500468,3.5911582033009437
495,Ohio,2008,402.0,11515391,3.4909800283811463
494,Ohio,2009,366.0,11528896,3.174631812100656
493,Ohio,2010,396.0,11536504,3.432582349037455
492,Ohio,2011,453.0,11543332,3.9243435084427962
491,Ohio,2012,437.0,11546969,3.784542939363568
490,Ohio,2013,447.0,11567845,3.8641596598156354
749,Ohio,2014,494.0,11593741,4.260919749716679
800,Ohio,2015,537.0,11606027,4.626906347882872
851,Ohio,2016,628.0,11622554,5.403287435790791
902,Ohio,2017,700.0,11658609,6.004146806878934
517,Oklahoma,2000,115.0,3454365,3.329121271203246
516,Oklahoma,2001,126.0,3467100,3.634161114476075
515,Oklahoma,2002,113.0,3489080,3.2386760979971796
514,Oklahoma,2003,139.0,3504892,3.965885396754023
513,Oklahoma,2004,124.0,3525233,3.517497992331287
512,Oklahoma,2005,136.0,3548597,3.8325005628985203
511,Oklahoma,2006,152.0,3594090,4.229165101597345
510,Oklahoma,2007,151.0,3634349,4.154801864102759
509,Oklahoma,2008,147.0,3668976,4.006567500032706
508,Oklahoma,2009,148.0,3717572,3.9810930359923087
507,Oklahoma,2010,331.0,3751351,8.823487858107653
506,Oklahoma,2011,166.0,3785232,4.3854643519868794
505,Oklahoma,2012,188.0,3815298,4.927531217744984
504,Oklahoma,2013,178.0,3849840,4.623568771689213
750,Oklahoma,2014,171.0,3875008,4.412894115315375
801,Oklahoma,2015,220.0,3904353,5.634736408311442
852,Oklahoma,2016,243.0,3921207,6.197071462944956
903,Oklahoma,2017,249.0,3930864,6.334485242938958
531,Oregon,2000,62.0,3429708,1.8077340694892976
530,Oregon,2001,47.0,3467937,1.3552726015495669
529,Oregon,2002,64.0,3513424,1.8215848699160704
528,Oregon,2003,52.0,3547376,1.4658722390860173
527,Oregon,2004,65.0,3569463,1.8210022067745204
526,Oregon,2005,54.0,3613202,1.4945192657371495
525,Oregon,2006,63.0,3670883,1.7162083346159491
524,Oregon,2007,43.0,3722417,1.155163432791114
523,Oregon,2008,49.0,3768748,1.3001665274515568
522,Oregon,2009,55.0,3808600,1.444100194297117
521,Oregon,2010,60.0,3831074,1.566140460873374
520,Oregon,2011,62.0,3865845,1.6037890810417903
519,Oregon,2012,53.0,3893920,1.3610962731643177
518,Oregon,2013,54.0,3919664,1.3776691063315631
751,Oregon,2014,96.0,3960673,2.4238304954738754
802,Oregon,2015,125.0,4016537,3.1121336614103146
853,Oregon,2016,95.0,4085989,2.3250184961339837
904,Oregon,2017,99.0,4142776,2.3897019776111477
545,Pennsylvania,2000,439.0,12284173,3.5737041476052154
544,Pennsylvania,2001,444.0,12298970,3.6100584032646634
543,Pennsylvania,2002,456.0,12331031,3.6979876216352063
542,Pennsylvania,2003,467.0,12374658,3.7738416689980445
541,Pennsylvania,2004,504.0,12410722,4.06100466999422
540,Pennsylvania,2005,535.0,12449990,4.297192206580085
539,Pennsylvania,2006,593.0,12510809,4.739901312537023
538,Pennsylvania,2007,554.0,12563937,4.409445860799844
537,Pennsylvania,2008,524.0,12612285,4.15467934636745
536,Pennsylvania,2009,483.0,12666858,3.8131002968534107
535,Pennsylvania,2010,501.0,12702379,3.9441430617052133
534,Pennsylvania,2011,512.0,12742811,4.017951769040598
533,Pennsylvania,2012,547.0,12768034,4.284136461416065
532,Pennsylvania,2013,486.0,12778450,3.803278175365557
752,Pennsylvania,2014,547.0,12790341,4.276664711284868
803,Pennsylvania,2015,508.0,12791124,3.9715039897979256
854,Pennsylvania,2016,556.0,12787085,4.348137202497676
905,Pennsylvania,2017,635.0,12805537,4.958792434866261
559,Rhode Island,2000,27.0,1050268,2.570772412374746
558,Rhode Island,2001,20.0,1057142,1.8918934258595346
557,Rhode Island,2002,25.0,1065995,2.345226759975422
556,Rhode Island,2003,21.0,1071342,1.9601583807971683
555,Rhode Island,2004,18.0,1074579,1.675074610614948
554,Rhode Island,2005,19.0,1067916,1.779166151644886
553,Rhode Island,2006,19.0,1063096,1.7872327616696893
552,Rhode Island,2007,13.0,1057315,1.2295295158018187
551,Rhode Island,2008,19.0,1055003,1.8009427461343712
550,Rhode Island,2009,14.0,1053646,1.3287195130053169
549,Rhode Island,2010,17.0,1052567,1.6150990863289463
548,Rhode Island,2011,12.0,1052154,1.1405174527683208
547,Rhode Island,2012,15.0,1052761,1.4248248177886529
546,Rhode Island,2013,18.0,1052784,1.7097524278484477
753,Rhode Island,2014,18.0,1054782,1.7065137630334988
804,Rhode Island,2015,14.0,1055916,1.3258630421359274
855,Rhode Island,2016,14.0,1057566,1.323794448762536
906,Rhode Island,2017,11.0,1059639,1.0380893870459655
573,South Carolina,2000,169.0,4024223,4.199568463278501
572,South Carolina,2001,228.0,4064995,5.608862987531349
571,South Carolina,2002,227.0,4107795,5.526079076487507
570,South Carolina,2003,236.0,4150297,5.686340037833437
569,South Carolina,2004,220.0,4210921,5.224510267468803
568,South Carolina,2005,235.0,4270150,5.503319555519127
567,South Carolina,2006,274.0,4357847,6.28750848756278
566,South Carolina,2007,255.0,4444110,5.737931779366397
565,South Carolina,2008,249.0,4528996,5.497907262448454
564,South Carolina,2009,235.0,4589872,5.119968487138639
563,South Carolina,2010,229.0,4625364,4.950961697284797
562,South Carolina,2011,253.0,4672744,5.414377504952123
561,South Carolina,2012,273.0,4719009,5.785112933668913
560,South Carolina,2013,244.0,4765862,5.1197453891866775
754,South Carolina,2014,344.0,4824758,7.129891281593812
805,South Carolina,2015,384.0,4892423,7.848871612287
856,South Carolina,2016,387.0,4959822,7.802699371066139
907,South Carolina,2017,395.0,5024369,7.861683725856919
587,South Dakota,2000,1.0,755844,0.1323024327771339
586,South Dakota,2001,7.0,757972,0.9235169636873131
585,South Dakota,2002,5.0,760020,0.6578774242783084
584,South Dakota,2003,4.0,763729,0.5237459884330699
583,South Dakota,2004,7.0,770396,0.9086236169450517
582,South Dakota,2005,7.0,775493,0.9026516035605737
581,South Dakota,2006,3.0,783033,0.3831256153955197
580,South Dakota,2007,5.0,791623,0.6316137858551356
579,South Dakota,2008,10.0,799124,1.2513702504242146
578,South Dakota,2009,10.0,807067,1.2390545022903923
577,South Dakota,2010,0.0,814180,0.0
576,South Dakota,2011,10.0,823338,1.2145680145942492
575,South Dakota,2012,0.0,832576,0.0
574,South Dakota,2013,0.0,842513,0.0
755,South Dakota,2014,16.0,849455,1.8835606359371597
806,South Dakota,2015,25.0,854036,2.927277070287435
857,South Dakota,2016,23.0,861542,2.6696318925832982
908,South Dakota,2017,19.0,869666,2.184746787847289
601,Tennessee,2000,343.0,5703719,6.013620236200276
600,Tennessee,2001,307.0,5750789,5.33839791374714
599,Tennessee,2002,323.0,5795918,5.572887677154853
598,Tennessee,2003,299.0,5847812,5.113023469290737
597,Tennessee,2004,286.0,5910809,4.838593160428632
596,Tennessee,2005,371.0,5991057,6.192563349005026
595,Tennessee,2006,330.0,6088766,5.419817414563148
594,Tennessee,2007,343.0,6175727,5.554001982276742
593,Tennessee,2008,336.0,6247411,5.378227877115816
592,Tennessee,2009,347.0,6306019,5.502679265634944
591,Tennessee,2010,293.0,6346105,4.617005233919073
590,Tennessee,2011,309.0,6396281,4.830932224522344
589,Tennessee,2012,327.0,6450632,5.0692707319220816
588,Tennessee,2013,309.0,6490795,4.760587878680501
756,Tennessee,2014,352.0,6540007,5.382257236116108
807,Tennessee,2015,395.0,6590726,5.993269937181427
858,Tennessee,2016,470.0,6649404,7.068302662915353
909,Tennessee,2017,495.0,6715984,7.370476165517964
615,Texas,2000,804.0,20944499,3.83871679145918
614,Texas,2001,873.0,21319622,4.0948193171529965
613,Texas,2002,889.0,21690325,4.0986015654445005
612,Texas,2003,974.0,22030931,4.421056922197251
611,Texas,2004,923.0,22394023,4.121635491755992
610,Texas,2005,1009.0,22778123,4.429688960762922
609,Texas,2006,1033.0,23359580,4.422168549263301
608,Texas,2007,1029.0,23831983,4.317727148429067
607,Texas,2008,1006.0,24309039,4.13837832092005
606,Texas,2009,1003.0,24801761,4.044067677291141
605,Texas,2010,913.0,25145561,3.6308595381904585
604,Texas,2011,812.0,25644424,3.1663803406151763
603,Texas,2012,894.0,26078327,3.428134021020597
602,Texas,2013,912.0,26479279,3.44420254040905
757,Texas,2014,1094.0,26954436,4.058701135501407
808,Texas,2015,1136.0,27454880,4.13769792474052
859,Texas,2016,1313.0,27904862,4.705273224429492
910,Texas,2017,1169.0,28304596,4.130071314213423
629,Utah,2000,16.0,2244502,0.7128530070367503
628,Utah,2001,40.0,2283715,1.7515320431840224
627,Utah,2002,27.0,2324815,1.1613827336798843
626,Utah,2003,37.0,2360137,1.5677056035306427
625,Utah,2004,30.0,2401580,1.2491776247303858
624,Utah,2005,33.0,2457719,1.3427084219147916
623,Utah,2006,29.0,2525507,1.1482842850960224
622,Utah,2007,40.0,2597746,1.5397964235148471
621,Utah,2008,24.0,2663029,0.9012293895410076
620,Utah,2009,30.0,2723421,1.1015557271534588
619,Utah,2010,27.0,2763885,0.9768857966232314
618,Utah,2011,27.0,2815430,0.959000934137947
617,Utah,2012,28.0,2854222,0.9810028792434505
616,Utah,2013,33.0,2899961,1.1379463378990269
758,Utah,2014,62.0,2938671,2.1097972518869925
809,Utah,2015,66.0,2984917,2.2111167580204074
860,Utah,2016,70.0,3044321,2.2993633063004855
911,Utah,2017,70.0,3101833,2.2567301334404526
643,Vermont,2000,4.0,609618,0.6561486045359552
642,Vermont,2001,7.0,612223,1.1433742280182222
641,Vermont,2002,3.0,615442,0.4874545448636915
640,Vermont,2003,7.0,617858,1.1329464051610565
639,Vermont,2004,2.0,619920,0.32262227384178604
638,Vermont,2005,7.0,621215,1.1268240464251507
637,Vermont,2006,8.0,622892,1.2843317942757333
636,Vermont,2007,9.0,623481,1.443508302578587
635,Vermont,2008,0.0,624151,0.0
634,Vermont,2009,0.0,624817,0.0
633,Vermont,2010,0.0,625741,0.0
632,Vermont,2011,0.0,626210,0.0
631,Vermont,2012,0.0,625606,0.0
630,Vermont,2013,0.0,626044,0.0
759,Vermont,2014,18.0,625665,2.876938936971063
810,Vermont,2015,13.0,624455,2.0818153429790778
861,Vermont,2016,13.0,623354,2.0854923526599656
912,Vermont,2017,9.0,623657,1.4431009352897506
657,Virginia,2000,284.0,7105817,3.99672549968568
656,Virginia,2001,275.0,7198362,3.8203135657806597
655,Virginia,2002,286.0,7286873,3.9248659884699517
654,Virginia,2003,336.0,7366977,4.5608938374587025
653,Virginia,2004,295.0,7475575,3.9461847416419475
652,Virginia,2005,353.0,7577105,4.658771390920411
651,Virginia,2006,284.0,7673725,3.700940547126722
650,Virginia,2007,308.0,7751000,3.973680815378661
649,Virginia,2008,251.0,7833496,3.204188781101056
648,Virginia,2009,272.0,7925937,3.4317709060770984
647,Virginia,2010,271.0,8001024,3.3870664554936964
646,Virginia,2011,231.0,8107548,2.8491968225164994
645,Virginia,2012,224.0,8188656,2.7354916362343222
644,Virginia,2013,233.0,8261689,2.8202465621739092
760,Virginia,2014,284.0,8316902,3.414733034007134
811,Virginia,2015,317.0,8366767,3.788799186113346
862,Virginia,2016,398.0,8414380,4.7299979321114565
913,Virginia,2017,385.0,8470020,4.545443812411305
671,Washington,2000,112.0,5910512,1.8949288995606473
670,Washington,2001,106.0,5985722,1.770880772611892
669,Washington,2002,110.0,6052349,1.8174761567781368
668,Washington,2003,111.0,6104115,1.8184454257496785
667,Washington,2004,122.0,6178645,1.9745429620895842
666,Washington,2005,141.0,6257305,2.2533662655088733
665,Washington,2006,123.0,6370753,1.9306979881342128
664,Washington,2007,124.0,6461587,1.9190332034529598
663,Washington,2008,127.0,6562231,1.9353174248209184
662,Washington,2009,118.0,6667426,1.7697984199599668
661,Washington,2010,114.0,6724540,1.6952832461402565
660,Washington,2011,88.0,6819155,1.2904824718018582
659,Washington,2012,127.0,6890899,1.8430106144350686
658,Washington,2013,116.0,6963410,1.6658504956623263
761,Washington,2014,181.0,7046931,2.56849400114745
812,Washington,2015,197.0,7152818,2.7541592698150574
863,Washington,2016,183.0,7280934,2.513413801031571
914,Washington,2017,230.0,7405743,3.105697834774985
685,West Virginia,2000,56.0,1807021,3.0990231989556296
684,West Virginia,2001,38.0,1801481,2.109375563772252
683,West Virginia,2002,66.0,1805414,3.655671220008264
682,West Virginia,2003,60.0,1812295,3.3107192813532014
681,West Virginia,2004,52.0,1816438,2.8627456593618943
680,West Virginia,2005,57.0,1820492,3.1310217237977427
679,West Virginia,2006,57.0,1827912,3.118312041279887
678,West Virginia,2007,46.0,1834052,2.5081077308604116
677,West Virginia,2008,37.0,1840310,2.0105308344789736
676,West Virginia,2009,57.0,1847775,3.0847911677558146
675,West Virginia,2010,47.0,1852994,2.5364356279620983
674,West Virginia,2011,61.0,1854891,3.288602942167491
673,West Virginia,2012,66.0,1855360,3.557261124525698
672,West Virginia,2013,43.0,1852333,2.32139685466922
762,West Virginia,2014,70.0,1847624,3.7886496386710715
813,West Virginia,2015,58.0,1839767,3.1525731247489497
864,West Virginia,2016,99.0,1828637,5.413868362064204
915,West Virginia,2017,81.0,1815857,4.460703678758845
699,Wisconsin,2000,112.0,5373999,2.084109059194094
698,Wisconsin,2001,134.0,5406835,2.478344539827829
697,Wisconsin,2002,122.0,5445162,2.240521035003183
696,Wisconsin,2003,140.0,5479203,2.5551161364161903
695,Wisconsin,2004,93.0,5514026,1.6866079340213485
694,Wisconsin,2005,159.0,5546166,2.866845312599731
693,Wisconsin,2006,110.0,5577655,1.9721549647656584
692,Wisconsin,2007,132.0,5610775,2.352616171562752
691,Wisconsin,2008,81.0,5640996,1.4359166359983238
690,Wisconsin,2009,103.0,5669264,1.8168143166379267
689,Wisconsin,2010,106.0,5686986,1.8639047115642629
688,Wisconsin,2011,86.0,5705812,1.5072350788984987
687,Wisconsin,2012,126.0,5721075,2.202383293349589
686,Wisconsin,2013,115.0,5736673,2.0046462470494655
763,Wisconsin,2014,163.0,5751272,2.8341556441774967
814,Wisconsin,2015,222.0,5759744,3.85433797057647
865,Wisconsin,2016,222.0,5772917,3.845542903180489
916,Wisconsin,2017,209.0,5795483,3.6062568037901244
713,Wyoming,2000,5.0,494300,1.0115314586283635
712,Wyoming,2001,8.0,494657,1.6172822784272738
711,Wyoming,2002,8.0,500017,1.5999456018495373
710,Wyoming,2003,7.0,503453,1.3903979120195926
709,Wyoming,2004,5.0,509106,0.9821137444854314
708,Wyoming,2005,11.0,514157,2.139424339258242
707,Wyoming,2006,5.0,522667,0.9566320429642583
706,Wyoming,2007,8.0,534876,1.4956737636386752
705,Wyoming,2008,4.0,546043,0.7325430414820812
704,Wyoming,2009,10.0,559851,1.7861895397168175
703,Wyoming,2010,0.0,563626,0.0
702,Wyoming,2011,12.0,567602,2.1141574554000866
701,Wyoming,2012,0.0,576608,0.0
700,Wyoming,2013,0.0,582341,0.0
764,Wyoming,2014,15.0,583334,2.5714256326564198
815,Wyoming,2015,21.0,586102,3.58299408635357
866,Wyoming,2016,18.0,584910,3.0773965225419295
917,Wyoming,2017,9.0,579315,1.5535589446156235
