,provision,without,with,diff,p_value,n_without,n_with
308,universalpermit_universalpermith,5.323426951919431,3.018724956732038,2.304701995187393,0.011095401164652177,32,12
20,age21handgunsale_universalpermith,5.317750222118893,2.9652303733787444,2.352519848740149,0.015830502531689793,30,11
303,statechecksh_universalpermit,5.323426951919431,2.971900030312482,2.3515269216069488,0.017245840282531504,32,10
302,statechecks_universalpermith,5.323426951919431,2.971900030312482,2.3515269216069488,0.017245840282531504,32,10
290,recordsdealerh_universalpermit,5.3406884242415495,3.076807758569865,2.2638806656716843,0.017400507375917352,30,11
301,statechecks_universalpermit,5.173400095976027,2.971900030312482,2.201500065663545,0.018047013348749336,38,10
19,age21handgunsale_permith,5.112488395655142,2.8209001707602006,2.2915882248949417,0.0184861207801199,34,10
258,mcdv_universalpermit,5.274781257458965,3.172809548365629,2.1019717090933363,0.018979353284940322,22,11
279,purge_universalpermith,5.323426951919431,3.037559081551547,2.2858678703678836,0.01954508341160859,32,10
135,dealerh_universalpermith,5.257948629314422,3.1141128194740073,2.1438358098404144,0.020032099595856088,29,11
300,statechecks_statechecksh,5.201628283502394,2.971900030312482,2.2297282531899123,0.021675031514027443,34,10
127,danger_universalpermit,5.294566861214681,2.9528683406090765,2.341698520605604,0.023027720710116245,21,11
238,invcommitment_universalpermit,5.294566861214681,2.9528683406090765,2.341698520605604,0.023027720710116245,21,11
304,statechecksh_universalpermith,5.323426951919431,3.4974088430495067,1.826018108869924,0.023126032162408498,32,16
259,mcdv_universalpermith,5.324912641277187,3.439567425275714,1.8853452160014732,0.02363087214187042,20,15
309,universalpermith_violentpartial,5.799107577022327,3.646645977048925,2.1524615999734023,0.02476403326950088,27,11
44,backgroundpurge_universalpermit,5.2260541992211245,3.172809548365629,2.0532446508554956,0.024856251639965365,34,11
297,reportdealerh_universalpermith,5.267140638661497,3.156702547092104,2.110438091569393,0.025199793899290827,31,11
291,recordsdealerh_universalpermith,5.535600308241611,3.657372162230297,1.8782281460113146,0.026013307914280522,28,15
265,mcdvdating_universalpermith,5.738535943096564,3.4532874559972697,2.2852484870992944,0.027009744817217737,26,10
243,invoutpatient_universalpermit,5.142108184367176,2.9262433574373152,2.215864826929861,0.027384103375023595,32,10
244,invoutpatient_universalpermith,5.319535412080091,2.9262433574373152,2.393292054642776,0.027489679065412123,26,10
275,permith_universalpermith,5.323426951919431,3.3664314983214982,1.9569954535979326,0.028346355044162455,32,13
159,dvro_universalpermit,5.125490276749609,3.172809548365629,1.9526807283839802,0.028372192980342242,23,11
239,invcommitment_universalpermith,5.67147795002785,3.380793384410175,2.2906845656176746,0.029108328706549606,17,13
128,danger_universalpermith,5.67147795002785,3.380793384410175,2.2906845656176746,0.029108328706549606,17,13
266,mcdvdating_violentpartial,5.551710478319532,3.4321060794212612,2.119604398898271,0.02975120234043883,29,11
260,mcdv_violentpartial,5.226663879450711,3.4336324576275343,1.7930314218231764,0.03010207313226979,22,15
38,backgroundpurge_purge,5.114561063493736,3.037559081551547,2.0770019819421885,0.030963480541387575,35,10
133,dealerh_recordsdealerh,5.272277796886775,3.187542687769814,2.084735109116961,0.03153738469909147,27,10
292,recordsdealerh_violentpartial,5.684617010243405,3.5533126392657506,2.131304370977654,0.03154800294998577,26,11
263,mcdvdating_recordsdealerh,5.580940858011901,3.2603657087418947,2.320575149270006,0.03216614816377819,25,10
240,invcommitment_violentpartial,5.345686663190934,3.4144821157849226,1.9312045474060113,0.033350677134955105,21,15
129,danger_violentpartial,5.345686663190934,3.4144821157849226,1.9312045474060113,0.033350677134955105,21,15
278,purge_reportdealerh,5.0268913801827635,3.037559081551547,1.9893322986312163,0.03385775841411784,38,10
295,reportallh_universalpermith,5.323426951919431,3.262656123991769,2.0607708279276618,0.034263028687039475,32,10
45,backgroundpurge_universalpermith,5.323426951919431,3.5869510603728485,1.7364758915465823,0.03501566580566055,32,15
18,age21handgunsale_mcdv,5.26866191563364,3.3370552745879873,1.9316066410456525,0.03517933204310236,21,11
277,permitlaw_universalpermith,5.323426951919431,3.3787076088210646,1.9447193430983662,0.036101146577541245,32,12
256,mcdv_statechecksh,5.324912641277187,3.4682932462673906,1.8566193950097967,0.036308611718412855,20,13
41,backgroundpurge_reportdealerh,5.078581738086901,3.037559081551547,2.0410226565353535,0.03811508936632459,33,10
307,universalh_universalpermith,5.323426951919431,3.2994326723435963,2.0239942795758346,0.03837762640845557,32,10
47,cap14_cap16,5.158553337282863,3.382437791016064,1.7761155462667992,0.03893224741331048,34,13
65,cap16_capuses,5.158553337282863,3.382437791016064,1.7761155462667992,0.03893224741331048,34,13
283,recordsallh_universalpermit,5.178418458298994,3.220355211859883,1.958063246439111,0.04051573332989974,35,10
296,reportdealerh_statechecksh,5.240309131189706,3.262656123991769,1.977653007197937,0.04087988408510521,32,10
227,invcommitment_mcdvdating,5.448657948936594,3.4058501316220156,2.0428078173145785,0.04123637357431995,19,13
116,danger_mcdvdating,5.448657948936594,3.4058501316220156,2.0428078173145785,0.04123637357431995,19,13
160,dvro_universalpermith,5.333715034857635,3.566319324971495,1.7673957098861397,0.04290787410453448,20,14
250,mcdv_permith,5.255907056263597,3.3426068678959324,1.9133001883676646,0.042921688763027294,21,11
294,reportallh_statechecksh,5.201628283502394,3.262656123991769,1.9389721595106253,0.04298638451722053,34,10
262,mcdvdating_permith,5.416211797057513,3.4532874559972697,1.9629243410602433,0.04300768449191402,31,10
288,recordsdealerh_statechecksh,5.535600308241611,3.719606404291909,1.8159939039497024,0.043320390447035464,28,13
247,mcdv_mcdvdating,5.1029992222982505,3.4800376563052384,1.6229615659930121,0.044274101267321515,23,16
13,age18longgunsale_universalpermith,4.867722317699513,3.0611584431392016,1.806563874560311,0.04480214315152641,24,11
274,permith_statechecksh,5.295702874575332,3.472203558340335,1.8234993162349968,0.04488727487364702,33,12
124,danger_statechecksh,5.67147795002785,3.4040558926975124,2.267422057330337,0.04530723470435696,17,11
235,invcommitment_statechecksh,5.67147795002785,3.4040558926975124,2.267422057330337,0.04530723470435696,17,11
85,capuses_universalpermith,5.6851885551919805,3.6885016535470765,1.996686901644904,0.04532576511610024,27,11
64,cap14_universalpermith,5.6851885551919805,3.6885016535470765,1.996686901644904,0.04532576511610024,27,11
185,dvrosurrender_universalpermith,5.570820462352784,3.62608968137197,1.944730780980814,0.04547345159482587,28,11
161,dvro_violentpartial,5.229044045427544,3.422055213025542,1.8069888324020025,0.046779168135208195,21,13
289,recordsdealerh_universalh,5.245176350443948,3.2994326723435963,1.945743678100352,0.047339361668733045,31,10
48,cap14_capuses,5.158553337282863,3.5889431037660064,1.569610233516857,0.0477805547633909,34,16
272,permith_permitlaw,5.109467395937677,3.3787076088210646,1.7307597871166123,0.047967826372876096,37,12
14,age21handgunsale_danger,5.485260386155577,3.473713255321803,2.0115471308337742,0.05062896041529086,20,11
17,age21handgunsale_invcommitment,5.485260386155577,3.473713255321803,2.0115471308337742,0.05062896041529086,20,11
79,capuses_mcdv,5.56580463200295,3.6580537203135846,1.9077509116893658,0.05097459584292644,18,11
58,cap14_mcdv,5.56580463200295,3.6580537203135846,1.9077509116893658,0.05097459584292644,18,11
46,backgroundpurge_violentpartial,5.547853177171178,3.5764968545040494,1.9713563226671287,0.05106873615342711,29,10
253,mcdv_recordsdealerh,5.350123233229654,3.6331197055076507,1.7170035277220035,0.052130072344685946,19,15
229,invcommitment_permith,5.475477275818413,3.2868625899136434,2.1886146859047697,0.05337889065423102,19,10
118,danger_permith,5.475477275818413,3.2868625899136434,2.1886146859047697,0.05337889065423102,19,10
57,cap14_invcommitment,5.645459777848072,3.4969867330982183,2.1484730447498537,0.054314593885721275,17,11
70,capuses_danger,5.645459777848072,3.4969867330982183,2.1484730447498537,0.054314593885721275,17,11
49,cap14_danger,5.645459777848072,3.4969867330982183,2.1484730447498537,0.054314593885721275,17,11
78,capuses_invcommitment,5.645459777848072,3.4969867330982183,2.1484730447498537,0.054314593885721275,17,11
35,backgroundpurge_mcdv,5.134383203538394,3.4044100820799414,1.7299731214584524,0.05435750084791466,21,13
251,mcdv_permitlaw,5.255907056263597,3.3549557374528556,1.9009513188107414,0.05486196838992132,21,10
12,age18longgunsale_statechecksh,4.74350133855569,3.0611584431392016,1.6823428954164887,0.05495264804212124,26,11
299,stalking_violentpartial,5.479736901539023,3.6129836993391375,1.8667532021998854,0.055086512901364,29,11
43,backgroundpurge_statechecksh,5.323426951919431,3.638351286764084,1.6850756651553467,0.055089856072195104,32,13
147,dvro_mcdvdating,5.189802449389258,3.3555483895554534,1.8342540598338042,0.05659250957227967,20,12
284,recordsallh_universalpermith,5.323426951919431,3.6575469019402362,1.6658800499791946,0.05662405793332713,32,13
232,invcommitment_recordsdealerh,5.571033264712618,3.570853567473765,2.000179697238853,0.05668527192882707,17,14
121,danger_recordsdealerh,5.571033264712618,3.570853567473765,2.000179697238853,0.05668527192882707,17,14
15,age21handgunsale_dvro,5.214045039040544,3.371956491086906,1.8420885479536375,0.056830994835049234,21,10
276,permitlaw_statechecksh,5.295702874575332,3.4952113207052107,1.800491553870121,0.057592140168172885,33,11
293,reportallh_reportdealerh,5.0268913801827635,3.262656123991769,1.7642352561909944,0.05870446184039583,38,10
298,stalking_universalpermith,5.634200274085013,3.775566816862619,1.8586334572223944,0.05873768352830623,27,11
40,backgroundpurge_recordsdealerh,5.447753508288411,3.7837423678610955,1.6640111404273155,0.059816252333877995,29,13
273,permith_recordsdealerh,5.535600308241611,3.6159951245182187,1.9196051837233927,0.06128248757081989,28,10
271,opencarrypermith_violentpartial,5.321609838791606,3.3368527855612777,1.9847570532303287,0.06314515256061949,25,10
63,cap14_statechecksh,5.557044920295676,3.6164985789453654,1.940546341350311,0.06361613287095039,28,10
84,capuses_statechecksh,5.557044920295676,3.6164985789453654,1.940546341350311,0.06361613287095039,28,10
52,cap14_dvrosurrender,5.332292749716347,3.530149548591679,1.8021432011246676,0.06382268742753992,30,11
73,capuses_dvrosurrender,5.332292749716347,3.530149548591679,1.8021432011246676,0.06382268742753992,30,11
28,backgroundpurge_danger,5.52239823667068,3.479852940552006,2.0425452961186745,0.06395889324312341,18,11
34,backgroundpurge_invcommitment,5.52239823667068,3.479852940552006,2.0425452961186745,0.06395889324312341,18,11
286,recordsdealerh_reportdealerh,5.3406884242415495,3.582928776764778,1.7577596474767714,0.06489385933730915,30,11
264,mcdvdating_stalking,5.35959801292209,3.6176774839406853,1.7419205289814048,0.06561662925476484,30,12
156,dvro_statechecksh,5.333715034857635,3.6185642809951077,1.715150753862527,0.06631650831692855,20,12
242,invoutpatient_recordsdealerh,5.409888545712898,3.3950922100772565,2.014796335635641,0.0676535691463048,25,10
66,cap16_dvro,5.125490276749609,3.553991402870525,1.5714988738790843,0.06871543834173123,23,12
125,danger_traffickingprohibited,5.316999634566399,3.4001215078107183,1.9168781267556803,0.06879143314787982,20,11
236,invcommitment_traffickingprohibited,5.316999634566399,3.4001215078107183,1.9168781267556803,0.06879143314787982,20,11
36,backgroundpurge_permith,5.293872717088468,3.5865247199834673,1.7073479971050007,0.06982139149573877,33,11
254,mcdv_reportdealerh,5.158781216221271,3.446930484085154,1.7118507321361176,0.06998144925799572,22,11
180,dvrosurrender_mcdvsurrender,5.123884997492364,3.360484426760533,1.7634005707318305,0.07002115942517897,34,10
126,danger_traffickingprohibitedh,5.390051903010574,3.4001215078107183,1.9899303951998553,0.07005246540647034,18,11
237,invcommitment_traffickingprohibitedh,5.390051903010574,3.4001215078107183,1.9899303951998553,0.07005246540647034,18,11
280,recordsallh_recordsdealerh,5.245176350443948,3.6575469019402362,1.5876294485037121,0.07044716321659057,31,13
69,cap16_opencarrypermith,5.070742834045964,3.239390889296133,1.831351944749831,0.07083509405540774,28,10
60,cap14_permith,5.41265128319005,3.6164985789453654,1.796152704244685,0.07197989394408437,31,10
81,capuses_permith,5.41265128319005,3.6164985789453654,1.796152704244685,0.07197989394408437,31,10
287,recordsdealerh_stalking,5.541534231491539,3.7488102910575303,1.792723940434009,0.07236441921069818,26,11
282,recordsallh_universalh,5.007183605477039,3.2994326723435963,1.7077509331334424,0.07268672114919145,37,10
179,dvrosurrender_mcdv,5.317709460949798,3.603240259730972,1.7144692012188263,0.07306790776775404,20,12
234,invcommitment_stalking,5.408915600279446,3.6613718947947516,1.7475437054846945,0.07492506609843613,19,13
123,danger_stalking,5.408915600279446,3.6613718947947516,1.7475437054846945,0.07492506609843613,19,13
181,dvrosurrender_permith,5.34188926250205,3.6143838761007054,1.727505386401345,0.07515023331519607,32,10
285,recordsdealer_recordsdealerh,5.245176350443948,3.5298733195046945,1.7153030309392538,0.07522132627695494,31,11
233,invcommitment_reportdealerh,5.288250307790529,3.446930484085154,1.841319823705375,0.07549127263032698,21,11
122,danger_reportdealerh,5.288250307790529,3.446930484085154,1.841319823705375,0.07549127263032698,21,11
257,mcdv_traffickingprohibitedh,5.428224737751811,3.564851731799331,1.86337300595248,0.07569185723387656,18,10
306,traffickingprohibited_traffickingprohibitedh,5.071555685044371,3.537722747244835,1.5338329377995357,0.07573991477776039,35,13
248,mcdv_mcdvsurrender,5.1029992222982505,3.4502710427366368,1.6527281795616138,0.07658266528861028,23,11
184,dvrosurrender_statechecksh,5.530741563635936,3.778981971699621,1.751759591936315,0.07781399328096435,29,10
31,backgroundpurge_dvrosurrender,5.311062829249579,3.62608968137197,1.684973147877609,0.078088436087844,31,11
223,gunshowh_universalh,4.934603126088547,3.2994326723435963,1.6351704537449505,0.07880379917752166,39,10
178,dvrosurrender_invcommitment,5.654491839330134,3.7368615726349974,1.917630266695137,0.0798971221165703,18,11
110,danger_dvrosurrender,5.654491839330134,3.7368615726349974,1.917630266695137,0.0798971221165703,18,11
150,dvro_permith,5.222646966165555,3.5865247199834673,1.6361222461820875,0.07995974942302043,22,11
224,gunshowh_universalpermith,5.323426951919431,3.669489200947289,1.6539377509721418,0.08122595406477212,32,11
183,dvrosurrender_stalking,5.312746401370535,3.526690856912267,1.786055544458268,0.08183820412163487,29,10
50,cap14_dvro,5.125490276749609,3.739953014099571,1.385537262650038,0.08301573031861913,23,15
71,capuses_dvro,5.125490276749609,3.739953014099571,1.385537262650038,0.08301573031861913,23,15
255,mcdv_stalking,5.160156327712694,3.727463142895648,1.432693184817046,0.08339847372205961,22,15
67,cap16_dvrodating,4.964677832049741,3.4365441309332705,1.5281337011164706,0.0837662999109072,32,11
82,capuses_recordsdealerh,5.839247666532239,4.080381445979968,1.758866220552271,0.08412307484511164,25,10
61,cap14_recordsdealerh,5.839247666532239,4.080381445979968,1.758866220552271,0.08412307484511164,25,10
153,dvro_recordsdealerh,5.378842572704576,3.905347793613275,1.4734947790913009,0.0843919546615605,20,15
3,age18longgunsale_capuses,4.7967024268519545,3.3200472128816405,1.476655213970314,0.08494114884611867,26,11
2,age18longgunsale_cap14,4.7967024268519545,3.3200472128816405,1.476655213970314,0.08494114884611867,26,11
174,dvrosurrender_dvrosurrenderdating,5.101720774778229,3.517546438701943,1.5841743360762863,0.08634846397139273,35,11
29,backgroundpurge_dvro,5.014533715565727,3.566319324971495,1.4482143905942317,0.08651161737790114,23,14
246,lockd_universalpermith,5.323426951919431,3.619933052007841,1.7034938999115896,0.08730226959459343,32,10
11,age18longgunsale_recordsdealerh,4.968474377177762,3.3903039145313043,1.578170462646458,0.08880113130439464,22,10
37,backgroundpurge_permitlaw,5.293872717088468,3.6232653747491446,1.6706073423393235,0.09020780928501675,33,10
62,cap14_stalking,5.456299394154287,3.7143059615317866,1.7419934326225008,0.09077596422039094,28,10
83,capuses_stalking,5.456299394154287,3.7143059615317866,1.7419934326225008,0.09077596422039094,28,10
281,recordsallh_statechecksh,5.323426951919431,3.731128231596675,1.5922987203227557,0.0911997712014364,32,11
173,dvrodating_violentpartial,5.240037403154292,3.709868350208822,1.5301690529454701,0.09251076755310067,29,11
154,dvro_reportdealerh,5.04482446615973,3.3568098122439025,1.6880146539158272,0.09307875680721374,22,10
134,dealerh_stalking,5.25603559825665,3.674904809195882,1.5811307890607682,0.09325724659160288,30,10
216,felony_universalpermit,5.226523144059299,3.159297187321084,2.067225956738215,0.09350324744822112,11,10
222,gunshowh_recordsdealerh,5.245176350443948,3.669489200947289,1.5756871494966593,0.09818869432479337,31,11
157,dvro_traffickingprohibited,5.196430633665149,3.590536820714745,1.6058938129504043,0.0987661712475249,21,10
158,dvro_traffickingprohibitedh,5.2529465720963415,3.590536820714745,1.6624097513815967,0.09943957526098042,19,10
148,dvro_mcdvsurrender,4.993997113543733,3.360484426760533,1.6335126867831997,0.09968932993829234,23,10
119,danger_recordsallh,5.365505436475824,3.6299242395587865,1.7355811969170376,0.10171636768221572,20,11
230,invcommitment_recordsallh,5.365505436475824,3.6299242395587865,1.7355811969170376,0.10171636768221572,20,11
151,dvro_permitlaw,5.222646966165555,3.6232653747491446,1.5993815914164102,0.10212705254368701,22,10
155,dvro_stalking,5.121797744744315,3.581947843958162,1.539849900786153,0.1028790038874403,20,12
252,mcdv_recordsallh,5.3413996337193055,3.8498654473153384,1.491534186403967,0.10345978426848641,21,11
139,dvro_dvrosurrender,4.967086283916814,3.6169117340423638,1.35017454987445,0.10352934084539835,24,15
120,danger_recordsdealer,5.288250307790529,3.4952811158559838,1.792969191934545,0.10418113452901145,21,10
231,invcommitment_recordsdealer,5.288250307790529,3.4952811158559838,1.792969191934545,0.10418113452901145,21,10
42,backgroundpurge_stalking,5.394318791677818,3.7183097782991132,1.6760090133787044,0.10426543643863449,29,10
245,lockd_recordsdealerh,5.245176350443948,3.619933052007841,1.6252432984361072,0.10442867286318126,31,10
1,age18longgunsale_age21handgunsale,4.861538968908943,3.3940947617762744,1.4674442071326683,0.10575828864158246,28,10
53,cap14_dvrosurrenderdating,5.25132262695521,3.6595844047625916,1.591738222192618,0.10586059016641627,33,10
74,capuses_dvrosurrenderdating,5.25132262695521,3.6595844047625916,1.591738222192618,0.10586059016641627,33,10
26,backgroundpurge_cap14,5.546078320768276,3.9249723740255305,1.621105946742745,0.10590253279669101,29,10
27,backgroundpurge_capuses,5.546078320768276,3.9249723740255305,1.621105946742745,0.10590253279669101,29,10
169,dvrodating_mcdvdating,5.205671907870844,3.6400019452732857,1.5656699625975583,0.10603286525536393,28,10
225,invcommitment_invoutpatient,5.224047809981496,3.8315109576070343,1.3925368523744615,0.11013061582916761,22,16
114,danger_invoutpatient,5.224047809981496,3.8315109576070343,1.3925368523744615,0.11013061582916761,22,16
80,capuses_opencarrypermith,5.226902133200922,3.614905761813232,1.6119963713876904,0.11039834742500979,26,11
59,cap14_opencarrypermith,5.226902133200922,3.614905761813232,1.6119963713876904,0.11039834742500979,26,11
261,mcdvdating_opencarrypermith,5.407805826434328,3.731716641820751,1.676089184613577,0.11291816975141045,25,10
203,elementary_universalpermith,5.312486972247839,3.801178243765185,1.5113087284826543,0.11383906567510817,13,14
217,felony_universalpermith,5.314361738215462,3.565625057092029,1.7487366811234328,0.11414728170793254,10,15
162,dvrodating_dvrosurrender,4.982624376120683,3.517546438701943,1.4650779374187404,0.11427494634869603,30,11
106,danger_dealerh,5.354996299196622,3.691272282488095,1.6637240167085272,0.11535340299436074,20,12
131,dealerh_invcommitment,5.354996299196622,3.691272282488095,1.6637240167085272,0.11535340299436074,20,12
191,dvrosurrendernoconditions_stalking,5.123189046053536,3.526690856912267,1.5964981891412693,0.11578171564828982,31,10
172,dvrodating_universalpermith,5.4494709743673475,3.9111089531468197,1.5383620212205278,0.11607984342585398,26,10
241,invoutpatient_mcdv,5.373482341440264,3.954218464435236,1.4192638770050277,0.11629997057771922,20,13
75,capuses_dvrosurrendernoconditions,5.241361170726515,3.6595844047625916,1.5817767659639235,0.11630735552160465,31,10
54,cap14_dvrosurrendernoconditions,5.241361170726515,3.6595844047625916,1.5817767659639235,0.11630735552160465,31,10
186,dvrosurrenderdating_dvrosurrendernoconditions,4.954309240679787,3.517546438701943,1.4367628019778436,0.11639207326156624,37,11
270,opencarrypermith_traffickingprohibitedh,5.087906658937872,3.4036445540170646,1.684262104920807,0.11822398714190134,26,10
39,backgroundpurge_recordsallh,5.252657744576381,3.8069252794511694,1.4457324651252117,0.11940720493331906,33,11
182,dvrosurrender_recordsdealerh,5.795633264912903,4.233967403460854,1.5616658614520489,0.12151283401074142,26,10
140,dvro_dvrosurrenderdating,4.967086283916814,3.517546438701943,1.4495398452148707,0.12261432129269602,24,11
72,capuses_dvrodating,5.052706117377714,3.7705832946485143,1.2821228227292,0.1235368091055881,31,13
51,cap14_dvrodating,5.052706117377714,3.7705832946485143,1.2821228227292,0.1235368091055881,31,13
97,ccrevoke_college,3.6507838025532524,5.16837236507649,-1.5175885625232373,0.12479175261396942,13,18
226,invcommitment_mcdv,5.637482750219054,4.181085668341454,1.4563970818776006,0.12960944008500846,14,19
115,danger_mcdv,5.637482750219054,4.181085668341454,1.4563970818776006,0.12960944008500846,14,19
171,dvrodating_stalking,4.9835218212183685,3.56729330849212,1.4162285127262484,0.13214971419834143,29,11
112,danger_gunshowh,5.294566861214681,3.662123347633557,1.6324435135811237,0.1329281953051058,21,10
219,gunshowh_invcommitment,5.294566861214681,3.662123347633557,1.6324435135811237,0.1329281953051058,21,10
175,dvrosurrender_dvrosurrendernoconditions,5.101720774778229,3.808035478670872,1.2936852961073573,0.13294209432335596,35,13
163,dvrodating_dvrosurrenderdating,4.85409989613337,3.517546438701943,1.3365534574314268,0.136402433042522,34,11
204,elementary_violentpartial,5.191885402778079,3.4435829608848194,1.74830244189326,0.13669563784523112,12,11
218,felony_violentpartial,5.179777993833385,3.3508585673434674,1.8289194264899176,0.14045313710969082,10,13
68,cap16_felony,5.5993644076530655,3.7841853167513584,1.8151790909017071,0.1417783552528942,10,10
77,capuses_felony,5.5993644076530655,3.945634734196988,1.6537296734560774,0.14343707125152902,10,13
56,cap14_felony,5.5993644076530655,3.945634734196988,1.6537296734560774,0.14343707125152902,10,13
220,gunshowh_mcdv,5.274781257458965,3.9040586761657643,1.370722581293201,0.14442095900611032,22,10
152,dvro_recordsallh,5.222016371750071,3.800038271797105,1.4219780999529656,0.1466043050894889,21,10
132,dealerh_mcdv,5.454622721713124,4.108540689052788,1.3460820326603358,0.14703923402643443,21,12
221,gunshowh_recordsallh,5.007183605477039,3.669489200947289,1.3376944045297496,0.14710077248008283,37,11
109,danger_dvrodating,5.100479995318418,3.721174562956461,1.379305432361957,0.14790399863430043,18,12
167,dvrodating_invcommitment,5.100479995318418,3.721174562956461,1.379305432361957,0.14790399863430043,18,12
16,age21handgunsale_felony,5.20884671488615,3.339967486165677,1.8688792287204725,0.1493099980581222,10,10
213,felony_statechecksh,5.314361738215462,3.6137443599016,1.7006173783138618,0.14978267192955835,10,13
268,opencarrypermith_recordsdealerh,5.601579886277636,3.988961201868461,1.6126186844091754,0.14989785733374955,22,10
130,dealerh_dvro,5.105101135009737,3.647404204247142,1.4576969307625949,0.15347284287091256,21,11
189,dvrosurrendernoconditions_invcommitment,5.474560741832894,3.8592063497953406,1.6153543920375535,0.15359881966251082,19,10
111,danger_dvrosurrendernoconditions,5.474560741832894,3.8592063497953406,1.6153543920375535,0.15359881966251082,19,10
190,dvrosurrendernoconditions_mcdv,5.317709460949798,3.848966832885753,1.468742628064045,0.15446420397912142,20,10
164,dvrodating_dvrosurrendernoconditions,4.8196233147354555,3.517546438701943,1.3020768760335124,0.1549130039226876,32,11
145,dvro_invoutpatient,5.176218424037284,3.9979221311806605,1.1782962928566234,0.1629709617446855,22,14
200,elementary_statechecksh,5.312486972247839,3.892566352921078,1.4199206193267613,0.16398963352330223,13,12
269,opencarrypermith_stalking,5.244730324605071,3.731716641820751,1.5130136827843206,0.16860669705203776,25,10
207,felony_mcdvdating,5.0399041353216,3.3812432047595324,1.6586609305620676,0.1718719409278943,10,13
267,opencarrypermith_opencarrypermitl,4.953502636888209,3.59819366278346,1.3553089741047493,0.17236360285762461,31,10
209,felony_permith,5.226523144059299,3.5574438064187146,1.6690793376405844,0.17498596173652842,11,11
249,mcdv_opencarrypermith,5.450275189629568,4.090895192129362,1.3593799975002057,0.17596147262753978,16,12
143,dvro_exparte,4.967086283916814,3.6906554312483437,1.27643085266847,0.1784236913166616,24,10
113,danger_invcommitment,5.224047809981496,4.210173261010022,1.013874548971474,0.17842467611459556,22,28
198,elementary_recordsdealerh,5.190695813346879,3.8708364379508984,1.3198593753959802,0.18081504417807978,12,14
305,threedaylimit_universalpermith,5.323426951919431,3.999596240404896,1.323830711514535,0.18129210434373746,32,10
8,age18longgunsale_invcommitment,4.663721822741371,3.5186537693910283,1.1450680533503426,0.18526758534593415,15,12
4,age18longgunsale_danger,4.663721822741371,3.5186537693910283,1.1450680533503426,0.18526758534593415,15,12
193,elementary_mcdvdating,5.100192652747792,3.5066216764451137,1.593570976302678,0.18605505582852427,12,11
30,backgroundpurge_dvrodating,5.184352417048624,3.9111089531468197,1.273243463901804,0.18608764261634395,29,10
117,danger_opencarrypermith,5.149201063524187,3.704477688904092,1.4447233746200956,0.1878661603481081,17,14
228,invcommitment_opencarrypermith,5.149201063524187,3.704477688904092,1.4447233746200956,0.1878661603481081,17,14
141,dvro_dvrosurrendernoconditions,4.967086283916814,3.808035478670872,1.1590508052459416,0.18796767006512635,24,13
170,dvrodating_opencarrypermith,4.859019975971749,3.569142431509815,1.289877544461934,0.19764021858301156,25,10
76,capuses_elementary,5.3760952790180205,4.083521032877441,1.2925742461405791,0.19809131764596438,13,12
55,cap14_elementary,5.3760952790180205,4.083521032877441,1.2925742461405791,0.19809131764596438,13,12
108,danger_dvro,5.398918653372268,4.192555804992691,1.2063628483795776,0.20125745942620538,15,19
144,dvro_invcommitment,5.398918653372268,4.192555804992691,1.2063628483795776,0.20125745942620538,15,19
195,elementary_permith,5.099096366811136,3.684088272057431,1.4150080947537056,0.20531894181720645,14,10
210,felony_permitlaw,5.226523144059299,3.5912763698279155,1.6352467742313834,0.2054605396261755,11,10
149,dvro_opencarrypermith,5.1506110471681374,3.967136531016152,1.1834745161519855,0.2265618805962406,17,12
33,backgroundpurge_felony,4.901295752784569,3.6068809104844033,1.2944148423001658,0.22954933065372493,12,14
214,felony_traffickingprohibited,4.726682896369593,3.3822590231993384,1.3444238731702547,0.232231312152085,12,12
196,elementary_permitlaw,4.97376448717884,3.684088272057431,1.2896762151214087,0.23471880165196018,15,10
177,dvrosurrender_felony,5.05211430700869,3.768254678750988,1.283859628257702,0.23685545040801775,12,14
176,dvrosurrender_elementary,4.934210031775496,3.644393684614168,1.2898163471613282,0.24113664013182262,13,11
212,felony_reportdealerh,4.95158289371974,3.413596031961974,1.537986861757766,0.2417581474004597,11,10
32,backgroundpurge_elementary,5.027580363427461,3.823359591718009,1.2042207717094517,0.24331844834846172,14,12
98,ccrevoke_collegeconcealed,3.6507838025532524,4.926399268913493,-1.2756154663602408,0.24637407277495207,13,12
0,age18longgunpossess_felony,5.226523144059299,3.817828480938715,1.408694663120584,0.24785774766966745,11,10
208,felony_mcdvsurrender,4.814612082477353,3.360484426760533,1.4541276557168201,0.253715542124239,12,10
201,elementary_traffickingprohibited,4.852772960955593,3.6792649305050604,1.1735080304505328,0.25540734830114487,15,11
136,drugmisdemeanor_invcommitment,5.224047809981496,4.019032821223987,1.205014988757509,0.26374431911889523,22,10
107,danger_drugmisdemeanor,5.224047809981496,4.019032821223987,1.205014988757509,0.26374431911889523,22,10
211,felony_recordsallh,5.314361738215462,3.8568244915151775,1.4575372467002845,0.264261383056944,10,10
10,age18longgunsale_opencarrypermith,4.681716315770445,3.663624691457996,1.018091624312449,0.26914673211456525,22,10
215,felony_traffickingprohibitedh,4.580834493536023,3.351934722153143,1.22889977138288,0.2712224850085295,11,13
137,drugmisdemeanor_mcdv,5.1029992222982505,4.019032821223987,1.0839664010742638,0.27214336614221873,23,10
21,ammrestrict_danger,5.242054305972028,4.041450889955366,1.200603416016662,0.27372131877832423,21,10
24,ammrestrict_invcommitment,5.242054305972028,4.041450889955366,1.200603416016662,0.27372131877832423,21,10
187,dvrosurrenderdating_felony,5.05211430700869,3.7194900317599746,1.3326242752487154,0.28251460092231107,12,10
206,felony_invoutpatient,5.226523144059299,4.048031979581352,1.178491164477947,0.2841040481795689,11,14
25,ammrestrict_mcdv,5.114685032667248,4.041450889955366,1.0732341427118826,0.2842057230171798,22,10
93,ccbackgroundnics_universalpermith,4.8516469226706604,3.8433279454959943,1.0083189771746661,0.28818059051758005,21,10
202,elementary_traffickingprohibitedh,4.852772960955593,3.830074820976409,1.0226981399791844,0.28910809367522544,15,13
199,elementary_stalking,5.124321553464439,4.005299529057653,1.119022024406786,0.2952654396453477,13,12
146,dvro_mcdv,5.376571105150232,4.429196671129258,0.9473744340209738,0.30689262075082413,18,21
192,elementary_invoutpatient,5.071800613649844,3.878390617889976,1.1934099957598683,0.31884190649304944,11,10
197,elementary_recordsallh,5.103010341124133,4.068017860799985,1.0349924803241475,0.3314240938679772,14,10
168,dvrodating_mcdv,5.317709460949798,4.366131828113471,0.9515776328363268,0.3371129106501758,20,13
92,ccbackgroundnics_statechecksh,4.712621067554067,3.8433279454959943,0.8692931220580724,0.3455481394577872,23,10
86,ccbackgroundnics_ccrenewbackground,4.0518239982401925,5.090397930490376,-1.0385739322501832,0.354146852243616,10,21
22,ammrestrict_dvro,4.967086283916814,4.114583663066726,0.8525026208500881,0.35744165269299255,24,11
205,exparte_felony,4.778729399401993,3.6906554312483437,1.0880739681536489,0.36090634092070284,13,10
188,dvrosurrendernoconditions_felony,5.05211430700869,4.000529226216643,1.051585080792047,0.36291446299139807,12,12
9,age18longgunsale_mcdv,5.000630984169638,4.153181945418264,0.8474490387513747,0.39613691649081273,16,12
138,dvro_dvrodating,4.967086283916814,4.235906666208684,0.73117961770813,0.3968894854967049,24,16
95,ccrenewbackground_purge,4.0518239982401925,3.037559081551547,1.0142649166886453,0.39703414819577865,10,10
89,ccbackgroundnics_elementary,4.009386128374127,4.747664724482379,-0.7382785961082527,0.41987013667033857,13,17
101,college_elementary,4.306441860627917,5.0503122047556195,-0.7438703441277026,0.47293673535555036,13,14
102,college_felony,3.9766960973600094,4.7116120901834,-0.7349159928233906,0.47315884444283085,10,15
104,college_recordsdealerh,4.819951734093421,4.128912559176312,0.6910391749171092,0.4769365056162156,23,10
5,age18longgunsale_dvro,4.788583419040062,4.167807726144792,0.6207756928952701,0.4986490443156767,18,13
96,ccrenewbackground_reportallh,4.0518239982401925,3.262656123991769,0.7891678742484234,0.50877809341523,10,10
194,elementary_opencarrypermith,5.050924937260701,4.287874571998745,0.7630503652619565,0.5314588241604494,10,12
166,dvrodating_felony,4.6071549836544605,3.9786595618198173,0.6284954218346432,0.5367789377644407,10,13
99,college_collegeconcealed,4.368225017390522,4.926399268913493,-0.5581742515229715,0.5368553979064747,32,12
23,ammrestrict_felony,4.901295752784569,4.195248713492289,0.7060470392922804,0.5793735656211318,12,10
6,age18longgunsale_dvrodating,4.904683852802215,4.477476956268543,0.42720689653367216,0.6657505222574912,25,10
165,dvrodating_elementary,5.061474208764046,4.605299623359205,0.4561745854048409,0.7024734266187598,13,12
105,collegeconcealed_elementary,4.6931848575396495,5.081606641330475,-0.38842178379082526,0.7353535326180591,16,11
142,dvro_elementary,4.636581717924019,4.297872294744692,0.33870942317932773,0.7441947804212741,10,19
94,ccrenewbackground_exparte,4.0518239982401925,3.6906554312483437,0.36116856699184874,0.7713802384983516,10,10
90,ccbackgroundnics_invcommitment,4.992988514622829,4.7398462842334785,0.2531422303893507,0.8245905650944041,13,12
87,ccbackgroundnics_danger,4.992988514622829,4.7398462842334785,0.2531422303893507,0.8245905650944041,13,12
88,ccbackgroundnics_dvro,4.906251221341527,5.1068378372014385,-0.2005866158599119,0.868778845086977,15,12
100,college_dvro,4.634425319309328,4.770023958745099,-0.13559863943577177,0.8927414612280621,18,12
103,college_mcdv,4.628097454955057,4.519207248890725,0.10889020606433242,0.9222197647964359,16,11
7,age18longgunsale_elementary,5.222853710382978,5.102952664032028,0.11990104635095022,0.9276836713634061,11,13
91,ccbackgroundnics_mcdv,4.969441253238103,4.925129331064297,0.044311922173806195,0.971836262683121,14,12
