state,year,population,index,violent_crime,property_crime,murder_crime,rape_crime,robbery_crime,assault_crime,burglary_crime,larceny_theft_crime,vehicle_theft_crime
Alaska,2016,714146,24796,4537,20259,31,533,594,3379,3105,15535,1619
Alaska,2015,723860,23510,4416,19094,30,436,576,3374,2852,14854,1388
Alaska,2014,730307,24449,4412,20037,30,583,630,3169,2950,15565,1522
Alaska,2013,737259,25920,4709,21211,34,657,623,3127,2917,16599,1695
Alaska,2012,737046,25018,4684,20334,41,553,629,3243,3150,15445,1739
Alaska,2011,737709,26197,5391,20806,59,648,761,3671,3511,15249,2046
Alaska,2010,741894,30842,5966,24876,52,757,850,4011,4053,17766,3057
Alabama,2016,4785401,187191,18363,168828,275,1355,4864,11869,42484,115564,10780
Alabama,2015,4803689,193358,20166,173192,299,1370,4906,13591,51119,111411,10662
Alabama,2014,4817528,190571,21693,168878,342,1296,5020,15035,47481,111523,9874
Alabama,2013,4833996,182669,20834,161835,346,1449,4645,13788,42410,108862,10563
Alabama,2012,4846411,174814,20727,154087,276,1425,4702,13744,39723,104223,10141
Alabama,2011,4853875,167742,22957,144785,348,1449,4612,15960,35265,99182,10338
Alabama,2010,4863300,169248,25886,143362,407,1385,4686,18877,34065,97574,11723
Arizona,2016,6413158,253330,26528,226802,408,2191,6953,16976,50932,154137,21733
Arizona,2015,6467315,256685,26789,229896,397,2499,7145,16748,54695,155400,19801
Arizona,2014,6551149,259778,28077,231701,358,2282,7383,18054,52911,159808,18982
Arizona,2013,6634997,250870,27576,223294,355,2344,6656,17391,48292,158036,16966
Arizona,2012,6728783,239828,26422,213406,311,2356,6225,16614,43412,152683,17311
Arizona,2011,6817565,235152,27968,207184,306,2268,6360,18193,38010,152388,16786
Arizona,2010,6931071,239015,32583,206432,380,2452,7055,21858,37736,150275,18421
Arkansas,2016,2921588,118531,14711,103820,134,1321,2369,10887,32463,65796,5561
Arkansas,2015,2938582,124603,14173,110430,160,1230,2357,10426,34016,70645,5769
Arkansas,2014,2949828,123240,13851,109389,174,1233,2310,10134,32673,70982,5734
Arkansas,2013,2958765,120182,13705,106477,158,1135,2261,9796,30369,70430,5678
Arkansas,2012,2966835,113700,14248,99452,175,1291,2037,10220,24816,69001,5635
Arkansas,2011,2977853,113160,15769,97391,189,1425,2117,11455,22851,68720,5820
Arkansas,2010,2988248,114134,16461,97673,216,1545,2120,11982,23771,66747,7155
California,2016,37338198,1146072,164133,981939,1809,8331,58116,95877,228857,600558,152524
California,2015,37683933,1128765,154943,973822,1792,7665,54291,91195,230075,596905,146842
California,2014,37999878,1210409,160944,1049465,1884,7837,56521,94702,245767,635090,168608
California,2013,38431393,1173646,154739,1018907,1746,7464,53640,89029,232058,621557,165292
California,2012,38792291,1100956,153763,947193,1700,8389,48681,91804,202669,592673,151851
California,2011,38993940,1191797,166883,1024914,1861,9341,52862,99349,197404,656517,170993
California,2010,39250017,1176866,174796,1002070,1930,10149,54789,104375,188304,637010,176756
Colorado,2016,5047692,151340,16339,135001,129,2230,3164,10816,26196,97534,11271
Colorado,2015,5116302,148866,16085,132781,155,2285,3299,10346,25725,96054,11002
Colorado,2014,5189458,155306,15951,139355,152,2122,3392,10285,26163,101091,12101
Colorado,2013,5272086,156073,16099,139974,174,2198,3136,9826,25075,102375,12524
Colorado,2012,5355588,152276,16487,135789,150,2236,3037,10211,23502,99688,12599
Colorado,2011,5448819,161392,17348,144044,173,2422,3315,10532,23490,104532,16022
Colorado,2010,5540545,170833,18983,151850,204,2619,3528,11696,23903,108336,19611
Connecticut,2016,3575498,88342,10083,78259,133,595,3553,5802,15145,56413,6701
Connecticut,2015,3586717,87094,9889,77205,129,689,3689,5382,15468,55067,6670
Connecticut,2014,3591765,87352,10183,77169,117,933,3709,5424,14787,55904,6478
Connecticut,2013,3599341,80713,9439,71274,91,647,3551,4906,12934,52099,6241
Connecticut,2012,3594762,77901,8575,69326,89,579,3172,4520,12017,51195,6114
Connecticut,2011,3584730,73548,7938,65610,116,585,2925,4099,10286,48898,6426
Connecticut,2010,3576452,72787,8123,64664,78,561,2703,4579,10045,47512,7107
Delaware,2016,899792,36686,5608,31078,51,326,1839,3392,7550,21593,1935
Delaware,2015,908137,36307,5144,31163,48,307,1558,3231,7617,22001,1545
Delaware,2014,917053,35755,5048,30707,56,249,1498,3245,7389,21880,1438
Delaware,2013,925240,33634,4633,29001,41,278,1233,2960,6299,21347,1355
Delaware,2012,935968,32483,4568,27915,50,274,1271,2857,5765,20885,1265
Delaware,2011,944076,30305,4760,25545,62,257,1240,3097,4797,19555,1193
Delaware,2010,952065,31178,4844,26334,56,221,1359,3121,5023,19791,1520
District Of Columbia,2016,604912,36828,8026,28802,132,187,4325,3382,4233,19514,5055
District Of Columbia,2015,619020,37087,7433,29654,108,173,4094,3058,3850,21347,4457
District Of Columbia,2014,633427,38623,7866,30757,88,236,4037,3505,3519,23575,3663
District Of Columbia,2013,649111,39512,8415,31097,103,297,4082,3835,3316,24547,3234
District Of Columbia,2012,659836,42346,8199,34147,105,349,3497,4125,3466,26898,3783
District Of Columbia,2011,670377,39982,8538,31444,162,365,3746,4136,2971,25208,3265
District Of Columbia,2010,681170,40930,8214,32716,139,401,3480,4063,2361,27382,2973
Florida,2016,18838613,771004,101969,669035,987,5373,26086,69523,169119,458454,41462
Florida,2015,19082262,769398,98198,671200,984,5273,25622,66319,170171,461408,39621
Florida,2014,19320749,727075,94087,632988,1009,5260,23889,63929,153563,442095,37330
Florida,2013,19600311,699163,91993,607170,972,4765,23200,61054,138915,433344,34911
Florida,2012,19905569,675119,91345,583774,982,5038,21621,61610,121379,426197,36198
Florida,2011,20244914,663895,93625,570270,1041,5396,21137,63895,109268,420341,40661
Florida,2010,20612439,642512,88700,553812,1111,5528,20175,59816,100325,410352,43135
Georgia,2016,9712157,392517,39068,353449,555,2107,12372,24034,96947,226161,30341
Georgia,2015,9812460,393997,36762,357235,549,2066,12266,21881,96014,231543,29678
Georgia,2014,9915646,377148,37675,339473,583,2143,12502,22447,86992,223875,28606
Georgia,2013,9994759,377327,37519,339808,563,2022,12704,21361,83459,229190,27159
Georgia,2012,10097132,378101,38955,339146,607,2209,12786,22415,78029,233359,27758
Georgia,2011,10199398,354904,38891,316013,622,2343,12545,22467,68149,220715,27149
Georgia,2010,10310371,350760,40990,309770,681,2528,12205,24595,63344,219625,26801
Hawaii,2016,1363359,49270,3603,45667,25,377,1065,2136,8706,31681,5280
Hawaii,2015,1378129,47339,3465,43874,20,353,994,2098,8165,31240,4469
Hawaii,2014,1390090,46797,3378,43419,21,279,1125,1953,7653,31901,3865
Hawaii,2013,1408987,48851,3585,45266,32,366,934,2111,7777,32928,4561
Hawaii,2012,1420257,49384,3362,46022,20,388,952,1842,7470,33003,5549
Hawaii,2011,1425157,48919,3530,45389,29,382,1085,1878,6810,33140,5439
Hawaii,2010,1428557,47170,4417,42753,35,447,994,2769,6017,31082,5654
Idaho,2016,3050202,76931,8191,68740,38,883,1012,6258,16746,48194,3800
Idaho,2015,3064097,79926,7883,72043,44,866,824,6149,17573,50472,3998
Idaho,2014,3075039,78524,8167,70357,49,901,962,6255,17201,49116,4040
Idaho,2013,3092341,76419,8443,67976,41,873,937,6332,15918,47803,4255
Idaho,2012,3109481,73584,8484,65100,60,829,1047,6227,14363,46594,4143
Idaho,2011,3121997,73307,8619,64688,73,877,1050,6291,14977,45328,4383
Idaho,2010,3134693,74501,9110,65391,71,922,1148,6644,15030,45378,4983
Illinois,2016,1571102,34900,3464,31436,22,533,213,2696,6513,23594,1329
Illinois,2015,1583744,36077,3202,32875,35,444,188,2535,6915,24629,1331
Illinois,2014,1595590,35173,3348,31825,30,495,243,2580,7240,23203,1382
Illinois,2013,1612843,33701,3471,30230,29,516,220,2548,6693,21999,1538
Illinois,2012,1634806,33879,3439,30440,32,463,203,2559,6466,22297,1677
Illinois,2011,1652828,32505,3593,28912,32,508,191,2667,6124,20916,1872
Illinois,2010,1683140,33233,3876,29357,49,529,213,2895,6318,20962,2077
Indiana,2016,12841980,406196,57132,349064,704,3066,20386,32976,77472,242681,28911
Indiana,2015,12859752,398991,54523,344468,781,3030,20217,30495,77719,237362,29387
Indiana,2014,12868192,386262,53556,332706,770,3581,19480,29725,71100,235314,26292
Indiana,2013,12890552,348004,51956,296048,722,3895,17733,28161,59093,216059,20896
Indiana,2012,12882189,317422,47775,269647,690,3182,15271,27485,50759,201003,17885
Indiana,2011,12839047,306717,49755,256962,754,3602,15056,29019,46846,192424,17692
Indiana,2010,12801539,318160,55854,262306,1054,3635,17827,32065,47989,194407,19910
Iowa,2016,6490622,220257,20983,199274,268,1760,6559,12396,48570,137204,13500
Iowa,2015,6516353,227635,21619,206016,306,1758,6977,12578,50571,140630,14815
Iowa,2014,6537782,220538,22544,197994,307,1661,6601,13975,47689,136668,13637
Iowa,2013,6570713,211099,23627,187472,357,1623,7114,13915,42754,130534,14184
Iowa,2012,6597880,199014,24105,174909,333,1608,6894,14681,36909,124144,13856
Iowa,2011,6612768,197251,25373,171878,370,1757,7081,15536,34404,123940,13534
Iowa,2010,6633053,198604,26845,171759,439,1851,7330,16575,34097,122931,14731
Kansas,2016,2859143,99711,10602,89109,97,1146,1538,7821,19315,63774,6020
Kansas,2015,2870386,98864,10209,88655,111,1122,1448,7528,18712,63259,6684
Kansas,2014,2885398,101358,10292,91066,85,1105,1493,7609,18874,65413,6779
Kansas,2013,2895801,95632,9928,85704,117,1003,1339,7177,17476,61557,6671
Kansas,2012,2902507,90264,10235,80029,92,1066,1361,7299,15921,57169,6939
Kansas,2011,2906721,91542,11483,80059,126,1226,1823,7850,15619,57435,7005
Kansas,2010,2907289,89427,11060,78367,111,971,1671,7966,14364,57066,6937
Kentucky,2016,4347223,121774,10604,111170,188,1438,3748,5230,30433,74488,6239
Kentucky,2015,4366814,129502,10465,119037,151,1499,3705,5110,32750,79586,6701
Kentucky,2014,4379730,122652,9852,112800,201,1312,3547,4792,29877,76199,6724
Kentucky,2013,4399583,113728,9280,104448,172,951,3247,4215,26331,72048,6069
Kentucky,2012,4412617,109404,9495,99909,164,1098,3343,4432,23426,70108,6375
Kentucky,2011,4424611,107432,9887,97545,219,1165,3314,4710,22526,67143,7876
Kentucky,2010,4436974,107466,10308,97158,260,1174,3369,5038,20834,66438,9886
Louisiana,2016,4545343,190908,25241,165667,500,1230,5297,18214,45437,110260,9970
Louisiana,2015,4574766,193902,25373,168529,506,1262,5235,18370,46242,113174,9113
Louisiana,2014,4602134,185512,22839,162673,489,1155,5458,15737,42037,112764,7872
Louisiana,2013,4629284,189806,24127,165679,494,1248,5539,16331,41214,115300,9165
Louisiana,2012,4648990,185175,23983,161192,476,981,5725,16400,38541,113251,9400
Louisiana,2011,4668960,182910,25202,157708,492,1246,5561,17416,35457,112520,9731
Louisiana,2010,4681666,180888,26502,154386,554,1328,5576,18556,34667,109380,10339
Maine,2016,1327379,34521,1621,32900,24,389,412,796,7364,24547,989
Maine,2015,1328544,35467,1638,33829,26,394,370,848,7865,24886,1078
Maine,2014,1328501,35024,1626,33398,26,372,420,808,7476,24931,991
Maine,2013,1328702,32215,1761,30454,24,366,335,907,6480,23063,911
Maine,2012,1330256,28125,1698,26427,21,346,304,889,5035,20591,801
Maine,2011,1329453,26087,1726,24361,23,337,311,931,4694,18853,814
Maine,2010,1331479,23560,1648,21912,20,300,266,950,4003,17134,775
Maryland,2016,5785681,204916,31607,173309,426,1228,11054,18999,36704,118578,18027
Maryland,2015,5839572,195663,28817,166846,399,1200,10342,16876,35823,114951,16072
Maryland,2014,5884868,190395,28086,162309,373,1237,10173,16303,33803,113550,14956
Maryland,2013,5938737,186153,28235,157918,384,1179,10048,16124,31950,112551,13417
Maryland,2012,5975346,177157,26767,150390,362,1144,9565,15208,28134,109140,13116
Maryland,2011,5994983,170732,28185,142547,538,1209,10111,15819,26432,102701,13414
Maryland,2010,6016447,165845,28400,137445,481,1266,10289,15874,24692,100919,11834
Massachusetts,2016,6555466,185233,30737,154496,214,1784,6897,21842,37903,105124,11469
Massachusetts,2015,6607003,177061,28232,148829,184,1654,6768,19626,36403,101644,10782
Massachusetts,2014,6645303,170372,27047,143325,121,1650,6555,18721,34635,99453,9237
Massachusetts,2013,6708874,164538,27264,137274,138,1722,6705,18118,30716,97437,9121
Massachusetts,2012,6755124,152170,26689,125481,133,1625,6077,18277,24951,92226,8304
Massachusetts,2011,6784240,141000,26453,114547,131,1538,5266,18974,21826,84676,8045
Massachusetts,2010,6811779,132016,25677,106339,134,1592,5365,18050,19193,79088,8058
Michigan,2016,9877143,320194,48693,271501,580,4733,11522,31858,74345,169748,27408
Michigan,2015,9876801,295060,43731,251329,617,4344,10263,28507,69755,156666,24908
Michigan,2014,9882519,294211,44962,249249,701,4635,10423,29203,65560,158609,25080
Michigan,2013,9898193,274892,44757,230135,625,4506,10093,27254,56256,149794,24085
Michigan,2012,9916306,245247,42555,202692,544,4500,8037,27610,44328,137142,21222
Michigan,2011,9917715,232903,41712,191191,585,4782,7818,26599,40375,132019,18797
Michigan,2010,9928300,235192,45572,189620,598,5114,7120,30729,39568,129876,20176
Minnesota,2016,5310658,148946,12515,136431,96,1798,3388,7233,24415,103429,8587
Minnesota,2015,5347299,148506,12323,136183,75,2113,3385,6750,25681,102354,8148
Minnesota,2014,5379646,150571,12419,138152,99,1638,3475,7207,25378,104316,8458
Minnesota,2013,5420380,143295,12100,131195,114,1403,3674,6909,22713,100516,7966
Minnesota,2012,5457125,137882,12505,125377,88,1448,3687,6729,20773,96237,8367
Minnesota,2011,5482435,135303,13319,121984,133,1679,3771,7094,19299,94704,7981
Minnesota,2010,5519952,131150,13394,117756,101,1731,3728,7217,18606,90422,8728
Mississippi,2016,2970072,96595,7999,88596,204,931,2777,4087,30453,52784,5360
Mississippi,2015,2977457,97818,8009,89809,232,863,2496,4418,30722,54179,4908
Mississippi,2014,2986450,91702,7769,83933,213,819,2277,4460,28084,51520,4329
Mississippi,2013,2992206,89851,8303,81548,217,726,2413,4649,24969,52192,4387
Mississippi,2012,2993443,95218,8331,86887,259,768,2405,4585,23898,58515,4474
Mississippi,2011,2989390,93975,8190,85785,253,851,2312,4467,25068,56446,4271
Mississippi,2010,2988726,91115,8383,82732,238,905,2397,4471,23354,55054,4324
Missouri,2016,5995715,228298,27440,200858,420,1445,6185,19390,44197,140526,16135
Missouri,2015,6008984,225973,26888,199085,366,1469,6275,18778,44875,138879,15331
Missouri,2014,6024522,227002,27189,199813,390,1527,5782,19490,42510,140971,16332
Missouri,2013,6044917,215871,26216,189655,369,1679,5486,18056,38797,134514,16344
Missouri,2012,6063827,203318,26882,176436,404,1728,5592,18483,35293,124769,16374
Missouri,2011,6076204,204080,30292,173788,503,1858,6383,20833,34029,122749,17010
Missouri,2010,6093000,202193,31644,170549,537,1884,6570,21983,31710,120544,18295
Montana,2016,990958,28142,2733,25409,25,332,154,2222,3692,20166,1551
Montana,2015,997677,26640,2755,23885,29,366,171,2189,3347,19089,1449
Montana,2014,1005494,28905,2803,26102,29,392,202,2180,3920,20484,1698
Montana,2013,1014864,29119,2924,26195,23,382,217,2217,4122,20192,1881
Montana,2012,1023252,28886,3361,25525,38,396,202,2563,3639,19826,2060
Montana,2011,1032073,30923,3647,27276,38,405,210,2827,3887,20966,2423
Montana,2010,1042520,31816,3840,27976,36,414,266,2960,3934,21299,2743
Nebraska,2016,1830141,53920,5093,48827,54,674,1020,3345,8318,36896,3613
Nebraska,2015,1842234,55566,4672,50894,68,699,993,2912,8725,38060,4109
Nebraska,2014,1855350,56005,4802,51203,52,710,1128,2912,8745,38301,4157
Nebraska,2013,1868969,54146,4949,49197,56,621,1035,3011,8945,35791,4461
Nebraska,2012,1882980,52727,5201,47526,53,645,1044,3226,7936,35063,4527
Nebraska,2011,1893765,47764,5167,42597,62,648,994,3226,6443,32148,4006
Nebraska,2010,1907116,48713,5550,43163,49,738,946,3561,6444,31994,4725
Nevada,2016,2704283,92933,17929,75004,158,965,5298,11508,22286,42533,10185
Nevada,2015,2720028,85527,15452,70075,139,913,4308,10092,20342,40156,9577
Nevada,2014,2754354,94273,16763,77510,124,931,4918,10790,22120,45372,10018
Nevada,2013,2791494,96065,16888,79177,163,1090,5183,10060,23047,46132,9998
Nevada,2012,2838281,92617,18043,74574,170,987,5954,10562,21924,42466,10184
Nevada,2011,2883758,97255,20118,77137,178,1232,6287,11965,22360,43426,11351
Nevada,2010,2940058,95983,19936,76047,224,1292,6340,11639,18850,44017,13180
New Hampshire,2016,1316807,31434,2204,29230,13,411,450,1330,5444,22789,997
New Hampshire,2015,1317807,35620,2864,32756,16,581,509,1758,6244,25398,1114
New Hampshire,2014,1321617,34915,2841,32074,15,486,471,1869,5988,25024,1062
New Hampshire,2013,1322616,32230,2952,29278,21,522,647,1506,4979,23355,944
New Hampshire,2012,1327996,28723,2625,26098,16,438,544,1469,4191,21051,856
New Hampshire,2011,1330111,26145,2692,23453,15,468,475,1558,3482,19076,895
New Hampshire,2010,1334795,22831,2637,20194,17,423,427,1611,2963,16360,871
New Jersey,2016,8799593,210097,27055,183042,371,981,11818,13885,38732,128754,15556
New Jersey,2015,8834773,216922,27203,189719,380,1006,12209,13608,43238,129066,17415
New Jersey,2014,8867749,207208,25727,181481,388,1035,11385,12919,42338,122662,16481
New Jersey,2013,8911502,193382,25748,167634,404,861,12084,12071,35883,118005,13746
New Jersey,2012,8938844,178264,23319,154945,352,953,10499,11188,31707,111534,11704
New Jersey,2011,8935421,168580,22879,145701,363,1019,9729,11414,27960,105963,11778
New Jersey,2010,8944469,160066,21914,138152,372,1089,8984,11105,25284,101540,11328
New Mexico,2016,2065913,82923,12147,70776,140,959,1616,9432,21023,44503,5250
New Mexico,2015,2078674,85453,11904,73549,158,856,1720,9170,21419,46730,5400
New Mexico,2014,2083540,86754,11660,75094,116,957,1847,8740,21384,48247,5463
New Mexico,2013,2086895,91948,12990,78958,123,1135,1832,9470,21828,51146,5984
New Mexico,2012,2085567,86342,12465,73877,101,1070,2086,8797,18505,49082,6290
New Mexico,2011,2080328,90884,13672,77212,117,1218,2485,9407,17084,51485,8643
New Mexico,2010,2081015,96550,14619,81931,139,1117,2737,10217,17281,52907,11743
New York,2016,19395206,456202,76492,379710,868,2797,28630,44197,65839,293232,20639
New York,2015,19501616,449300,77463,371837,769,2751,28405,45538,65227,287361,19249
New York,2014,19576125,454803,79535,375268,683,2837,28633,47382,64389,293562,17317
New York,2013,19695680,436166,77563,358603,644,2575,27241,46130,56444,286676,15483
New York,2012,19748858,415085,75972,339113,616,4316,24036,45295,50738,272624,15751
New York,2011,19747183,392351,75126,317225,613,4414,23879,44493,44117,257837,15271
New York,2010,19745289,379466,74285,305181,630,4569,22316,45079,39821,250968,14392
North Carolina,2016,9560234,363881,34679,329202,474,2002,9620,22554,102826,208057,18319
North Carolina,2015,9651103,371227,33421,337806,498,1959,9448,21516,105534,215453,16819
North Carolina,2014,9748364,363058,34464,328594,479,1984,9392,22609,99323,213151,16120
North Carolina,2013,9848917,339218,33587,305631,463,1790,9275,21325,90182,201043,14406
North Carolina,2012,9940387,318216,32718,285498,498,1738,8411,21377,79266,192609,13623
North Carolina,2011,10035186,310649,34734,275915,517,1886,8821,22805,74760,187732,13423
North Carolina,2010,10146788,315534,37769,277765,678,2086,9336,24906,72082,190377,15306
North Dakota,2016,674629,13558,1548,12010,10,245,90,1203,2000,9137,873
North Dakota,2015,684740,15033,1699,13334,24,266,91,1318,2458,9891,985
North Dakota,2014,701345,16020,1723,14297,25,279,127,1292,2429,10687,1181
North Dakota,2013,723857,17335,1979,15356,16,288,161,1447,2979,10942,1435
North Dakota,2012,740040,17858,2001,15857,23,275,175,1421,2751,11559,1547
North Dakota,2011,756835,19665,1949,17716,21,285,159,1378,3296,12686,1734
North Dakota,2010,757952,19305,1903,17402,15,256,181,1365,3243,12195,1964
Ohio,2016,11537968,413142,36306,376836,479,3730,16486,15611,107125,248581,21130
Ohio,2015,11541007,415790,35218,380572,500,3679,15991,15048,112901,246744,20927
Ohio,2014,11553031,405262,34827,370435,478,3813,15396,15140,105312,245372,19751
Ohio,2013,11572005,372136,33722,338414,478,3594,14483,14370,91090,227799,19525
Ohio,2012,11596998,355647,33130,322517,464,3825,12780,14658,79466,224942,18109
Ohio,2011,11605090,338116,34373,303743,522,3990,12617,15793,69994,216354,17395
Ohio,2010,11614373,334234,34877,299357,654,4141,12523,16111,66883,212807,19667
Oklahoma,2016,3760184,147564,18100,129464,195,1469,3345,13091,37848,81303,10313
Oklahoma,2015,3784163,144929,17311,127618,212,1410,3288,12401,36462,80064,11092
Oklahoma,2014,3815780,149071,18102,130969,220,1622,3248,13012,36094,83131,11744
Oklahoma,2013,3853118,143605,17187,126418,198,1715,3023,11652,33512,81624,11282
Oklahoma,2012,3879610,133497,16052,117445,180,1361,3073,10937,29963,76719,10763
Oklahoma,2011,3907414,130801,16746,114055,240,1418,3018,11535,28783,74678,10594
Oklahoma,2010,3923561,134685,17648,117037,245,1509,3162,12202,29103,75779,12155
Oregon,2016,3838332,126305,9648,116657,96,1239,2421,5892,20035,87494,9128
Oregon,2015,3868229,131512,9643,121869,84,1239,2237,6083,20704,92059,9106
Oregon,2014,3899801,136055,9638,126417,91,1159,2419,5969,22051,94114,10252
Oregon,2013,3928068,134619,9536,125083,82,1000,2394,5596,20808,94363,9912
Oregon,2012,3971202,133436,10294,123142,84,1165,2270,6320,18690,94177,10275
Oregon,2011,4024634,130432,10680,119752,110,1193,2163,6757,18541,90514,10697
Oregon,2010,4093465,132175,10830,121345,113,1261,2278,6718,16866,91286,13193
Pennsylvania,2016,12717722,322978,46612,276366,653,3472,16375,26112,55206,204440,16720
Pennsylvania,2015,12743948,329631,46189,283442,639,3339,16165,26046,57966,208604,16872
Pennsylvania,2014,12764475,321946,45384,276562,707,3371,15735,25571,57040,204409,15113
Pennsylvania,2013,12781296,306001,42825,263176,611,2728,14739,23680,52000,197410,13766
Pennsylvania,2012,12793767,287280,40298,246982,610,2785,13545,22304,45718,188211,13053
Pennsylvania,2011,12791904,272289,40348,231941,665,3105,12965,22419,39573,180236,12132
Pennsylvania,2010,12784227,263242,40447,222795,661,3233,12326,23027,35520,174228,13047
Rhode Island,2016,1052528,29668,2709,26959,29,298,782,1600,6124,18432,2403
Rhode Island,2015,1050646,30562,2586,27976,20,319,744,1503,6836,18765,2375
Rhode Island,2014,1050304,29696,2657,27039,36,292,715,1614,5929,18478,2632
Rhode Island,2013,1053354,28451,2710,25741,31,333,683,1547,5621,17881,2239
Rhode Island,2012,1054907,25302,2320,22982,26,264,530,1398,4830,16317,1835
Rhode Island,2011,1055607,22603,2565,20038,31,342,547,1520,3938,14714,1386
Rhode Island,2010,1056426,22582,2524,20058,29,328,540,1513,3788,14674,1596
South Carolina,2016,4637106,209021,27923,181098,265,1551,5017,21090,46261,121544,13293
South Carolina,2015,4673348,211137,27894,183243,320,1678,4631,21265,47351,122255,13637
South Carolina,2014,4723417,207523,26474,181049,332,1712,4511,19919,45222,122340,13487
South Carolina,2013,4771929,197524,24263,173261,305,1739,3965,17760,40930,119730,12601
South Carolina,2012,4829160,192319,24038,168281,322,1522,4018,17513,37163,118173,12945
South Carolina,2011,4894834,187278,24448,162830,407,1717,3950,17652,34942,114778,13110
South Carolina,2010,4961119,185824,24896,160928,366,1711,4035,18108,32976,114032,13920
South Dakota,2016,816598,17384,2196,15188,23,385,154,1634,3192,11196,800
South Dakota,2015,823593,17404,2105,15299,20,503,167,1415,2927,11423,949
South Dakota,2014,833354,19850,2701,17326,23,600,157,1921,3280,12973,1073
South Dakota,2013,845510,19007,2733,16274,18,454,156,2052,3383,11955,936
South Dakota,2012,853304,18837,2801,16036,23,336,199,2101,2817,12209,1010
South Dakota,2011,857919,20041,3302,16739,33,367,215,2554,2969,12576,1194
South Dakota,2010,865454,20762,3621,17141,27,379,272,2813,3000,12639,1502
Tennessee,2016,6357436,271764,38909,232855,359,2173,8361,28016,64293,153729,14833
Tennessee,2015,6399787,269795,38895,230900,380,2095,8082,28338,62830,153928,14142
Tennessee,2014,6454914,259138,41213,217925,400,2047,8151,30615,56231,148731,12963
Tennessee,2013,6497269,245746,38063,207683,335,1904,7333,27895,51334,144443,11906
Tennessee,2012,6547779,240900,39989,200911,369,1870,7268,29757,46798,141464,12649
Tennessee,2011,6595056,236863,40816,196047,418,2032,7499,30098,43753,139259,13035
Tennessee,2010,6651194,231932,42097,189835,486,1991,7813,31084,40312,134404,15119
Texas,2016,25253466,1064477,113231,951246,1249,7622,32843,71517,228597,654626,68023
Texas,2015,25631778,997544,104734,892810,1130,7486,28620,67498,215775,613131,63924
Texas,2014,26060796,982934,106475,876459,1148,7715,30385,67227,205002,606425,65032
Texas,2013,26505637,971046,108757,862289,1140,7610,31810,65351,191062,605440,65787
Texas,2012,26979078,923226,109711,813515,1192,8400,31021,65862,168085,577018,68412
Texas,2011,27429639,892427,113193,779234,1317,8941,31924,67629,153067,558653,67514
Texas,2010,27862596,889989,121042,768947,1478,9858,33317,72880,148740,551151,69056
Utah,2016,2775479,94241,5925,88316,53,983,1269,3620,15095,67242,5979
Utah,2015,2814347,89631,5547,84084,50,901,1079,3517,13170,64727,6187
Utah,2014,2854871,92223,5939,86284,52,975,1105,3807,13095,67157,6032
Utah,2013,2902787,94978,6644,88334,51,926,1247,3824,13727,67115,7492
Utah,2012,2944498,91937,6464,85473,66,1114,1313,3538,11656,66487,7330
Utah,2011,2990632,96935,7138,89797,57,1247,1329,4048,12606,68464,8727
Utah,2010,3051217,97465,7407,90058,72,1116,1541,4274,12836,67834,9388
Vermont,2016,625909,14980,820,14160,7,141,76,596,3348,10373,439
Vermont,2015,626592,16011,925,15086,11,146,99,669,3838,10720,528
Vermont,2014,625953,16544,891,15653,8,131,114,638,4179,11014,460
Vermont,2013,626855,14657,775,13882,10,113,75,554,3352,10193,337
Vermont,2012,626767,10364,643,9721,10,85,72,444,2092,7375,254
Vermont,2011,626088,9811,747,9064,10,104,105,482,2034,6834,196
Vermont,2010,624594,11591,989,10602,14,124,106,691,2103,8217,282
Virginia,2016,8023953,204587,17184,187403,376,1580,5678,9550,30804,145990,10609
Virginia,2015,8104384,198916,16014,182902,304,1591,5425,8694,30656,142476,9770
Virginia,2014,8186628,194110,15676,178434,322,1505,4718,9131,29651,139654,9129
Virginia,2013,8270345,187913,16355,171558,320,1476,4574,9111,26717,136215,8626
Virginia,2012,8328098,178456,16522,161934,350,1687,4294,9462,23210,131001,7723
Virginia,2011,8367587,174508,16705,157803,390,1767,4459,9357,21542,128064,8197
Virginia,2010,8411808,174714,18302,156412,484,1965,4803,10278,20018,126606,9788
Washington,2016,6742950,270564,21138,249426,154,2579,5929,12476,55192,168490,25744
Washington,2015,6823267,264361,20152,244209,163,2320,5627,12042,56561,162828,24820
Washington,2014,6895318,274930,20553,254377,217,2250,5801,12285,61376,166338,26663
Washington,2013,6973742,279362,20223,259139,167,2072,5829,11623,58487,172227,28425
Washington,2012,7063166,281442,20185,261257,178,1999,5641,11586,55381,175317,30559
Washington,2011,7160290,269979,20505,249474,218,2006,5450,12059,51114,171393,26967
Washington,2010,7288000,276676,22023,254653,195,2259,5651,13100,49180,173187,32286
West Virginia,2016,1854368,46887,5586,41301,58,362,776,4390,10778,28104,2419
West Virginia,2015,1854908,44506,5497,39009,87,372,802,4236,10245,26656,2108
West Virginia,2014,1856680,50443,5943,44500,70,415,835,4623,11466,30800,2234
West Virginia,2013,1853595,45586,5657,39929,62,367,653,4242,9908,28055,1966
West Virginia,2012,1848751,44132,5850,38282,84,417,655,4517,9368,26954,1960
West Virginia,2011,1841053,45091,6397,38694,85,493,783,4819,9467,26984,2243
West Virginia,2010,1831102,44044,6557,37487,81,468,720,5099,9301,25677,2509
Wisconsin,2016,5691659,156948,14167,142781,155,1191,4516,8305,26636,107993,8152
Wisconsin,2015,5709843,154180,14268,139912,138,1190,4600,8340,27167,104472,8273
Wisconsin,2014,5724554,157034,16254,140780,169,1228,4692,10165,27931,104619,8230
Wisconsin,2013,5742953,141812,16118,125694,163,1308,4834,9285,24358,93946,7390
Wisconsin,2012,5759432,137298,16763,120535,159,1216,5101,9826,21375,89255,9905
Wisconsin,2011,5767891,131720,17549,114171,240,1324,5234,10270,19602,83572,10997
Wisconsin,2010,5778708,129399,17679,111720,229,1458,4706,10765,19425,82337,9958
Wyoming,2016,564554,14986,1117,13869,8,162,77,870,2151,11126,592
Wyoming,2015,567356,14123,1245,12878,18,146,71,1010,1864,10493,521
Wyoming,2014,576626,14383,1161,13222,14,154,61,932,2125,10513,584
Wyoming,2013,583223,14021,1212,12809,17,144,74,917,1956,10275,578
Wyoming,2012,584304,12619,1142,11477,16,127,53,899,1689,9185,603
Wyoming,2011,586555,12451,1300,11151,16,124,59,1054,1762,8797,592
Wyoming,2010,585501,12890,1430,11460,20,150,59,1146,1771,8889,800